EXECUCAO_ID;RELATORIO;INDICE_ORIGINAL;LIDER;PRIORIDADE;PAGINA;LINHA_TR;ETAPA;INICIO;FIM;TEMPO_SEGUNDOS;STATUS;DETALHE;ERRO
20260629_104706;RELATORIO_08_LucasRamos_P9;8;LucasRamos;P9;;9;BROWSER_LAUNCH;2026-06-29 10:47:07;2026-06-29 10:47:08;0,577;OK;BrowserType.launch | OTIMIZADO: slow_mo reduzido de 300ms para 0ms;
20260629_104706;RELATORIO_08_LucasRamos_P9;8;LucasRamos;P9;;9;PAGE_GOTO;2026-06-29 10:47:08;2026-06-29 10:47:21;12,886;OK;Page.goto(url_oculta);
20260629_104706;RELATORIO_08_LucasRamos_P9;8;LucasRamos;P9;;9;PAGE_WAIT_TIMEOUT;2026-06-29 10:47:21;2026-06-29 10:47:23;2,005;OK;Page.wait_for_timeout;
20260629_104706;RELATORIO_08_LucasRamos_P9;8;LucasRamos;P9;;9;LOCATOR_WAIT_FOR;2026-06-29 10:47:23;2026-06-29 10:47:23;0,066;OK;Locator.wait_for;
20260629_104706;RELATORIO_08_LucasRamos_P9;8;LucasRamos;P9;;9;LOCATOR_FILL;2026-06-29 10:47:23;2026-06-29 10:47:23;0,035;OK;Locator.fill(valor_oculto);
20260629_104706;RELATORIO_08_LucasRamos_P9;8;LucasRamos;P9;;9;PAGE_WAIT_TIMEOUT;2026-06-29 10:47:23;2026-06-29 10:47:24;0,804;OK;Page.wait_for_timeout;
20260629_104706;RELATORIO_08_LucasRamos_P9;8;LucasRamos;P9;;9;PAGE_WAIT_TIMEOUT;2026-06-29 10:47:24;2026-06-29 10:47:25;0,803;OK;Page.wait_for_timeout;
20260629_104706;RELATORIO_08_LucasRamos_P9;8;LucasRamos;P9;;9;LOCATOR_WAIT_FOR;2026-06-29 10:47:25;2026-06-29 10:47:25;0,012;OK;Locator.wait_for;
20260629_104706;RELATORIO_08_LucasRamos_P9;8;LucasRamos;P9;;9;LOCATOR_FILL;2026-06-29 10:47:25;2026-06-29 10:47:25;0,015;OK;Locator.fill(valor_oculto);
20260629_104706;RELATORIO_08_LucasRamos_P9;8;LucasRamos;P9;;9;PAGE_WAIT_TIMEOUT;2026-06-29 10:47:25;2026-06-29 10:47:26;1,004;OK;Page.wait_for_timeout;
20260629_104706;RELATORIO_08_LucasRamos_P9;8;LucasRamos;P9;;9;LOCATOR_WAIT_FOR;2026-06-29 10:47:26;2026-06-29 10:47:26;0,015;OK;Locator.wait_for;
20260629_104706;RELATORIO_08_LucasRamos_P9;8;LucasRamos;P9;;9;LOCATOR_CLICK;2026-06-29 10:47:26;2026-06-29 10:47:26;0,059;OK;Locator.click;
20260629_104706;RELATORIO_08_LucasRamos_P9;8;LucasRamos;P9;;9;PAGE_WAIT_TIMEOUT;2026-06-29 10:47:26;2026-06-29 10:47:31;5,005;OK;Page.wait_for_timeout;
20260629_104706;RELATORIO_08_LucasRamos_P9;8;LucasRamos;P9;;9;PAGE_WAIT_LOAD_STATE;2026-06-29 10:47:31;2026-06-29 10:47:44;13,094;OK;Page.wait_for_load_state;
20260629_104706;RELATORIO_08_LucasRamos_P9;8;LucasRamos;P9;;9;PAGE_WAIT_LOAD_STATE;2026-06-29 10:47:44;2026-06-29 10:47:48;3,744;OK;Page.wait_for_load_state;
20260629_104706;RELATORIO_08_LucasRamos_P9;8;LucasRamos;P9;;9;LOCATOR_WAIT_FOR;2026-06-29 10:47:48;2026-06-29 10:47:48;0,032;OK;Locator.wait_for;
20260629_104706;RELATORIO_08_LucasRamos_P9;8;LucasRamos;P9;;9;LOCATOR_WAIT_FOR;2026-06-29 10:47:48;2026-06-29 10:47:48;0,008;OK;Locator.wait_for;
20260629_104706;RELATORIO_08_LucasRamos_P9;8;LucasRamos;P9;;9;LOCATOR_WAIT_FOR;2026-06-29 10:47:48;2026-06-29 10:47:48;0,01;OK;Locator.wait_for;
20260629_104706;RELATORIO_08_LucasRamos_P9;8;LucasRamos;P9;;9;LOCATOR_WAIT_FOR;2026-06-29 10:47:48;2026-06-29 10:47:48;0,008;OK;Locator.wait_for | OTIMIZADO: overlay APEX: timeout reduzido de 8000ms para 1000ms;
20260629_104706;RELATORIO_08_LucasRamos_P9;8;LucasRamos;P9;;9;PAGE_WAIT_TIMEOUT;2026-06-29 10:47:48;2026-06-29 10:47:51;3,004;OK;Page.wait_for_timeout;
20260629_104706;RELATORIO_08_LucasRamos_P9;8;LucasRamos;P9;;9;LOCATOR_WAIT_FOR;2026-06-29 10:47:51;2026-06-29 10:47:51;0,025;OK;Locator.wait_for;
20260629_104706;RELATORIO_08_LucasRamos_P9;8;LucasRamos;P9;;9;PAGE_WAIT_TIMEOUT;2026-06-29 10:47:51;2026-06-29 10:47:52;1,507;OK;Page.wait_for_timeout;
20260629_104706;RELATORIO_08_LucasRamos_P9;8;LucasRamos;P9;;9;LOCATOR_CLICK;2026-06-29 10:47:52;2026-06-29 10:47:52;0,106;OK;Locator.click;
20260629_104706;RELATORIO_08_LucasRamos_P9;8;LucasRamos;P9;;9;PAGE_WAIT_TIMEOUT;2026-06-29 10:47:52;2026-06-29 10:47:55;3,004;OK;Page.wait_for_timeout;
20260629_104706;RELATORIO_08_LucasRamos_P9;8;LucasRamos;P9;;9;LOCATOR_WAIT_FOR;2026-06-29 10:47:55;2026-06-29 10:47:56;0,015;OK;Locator.wait_for;
20260629_104706;RELATORIO_08_LucasRamos_P9;8;LucasRamos;P9;;9;PAGE_WAIT_TIMEOUT;2026-06-29 10:47:56;2026-06-29 10:47:57;1,003;OK;Page.wait_for_timeout;
20260629_104706;RELATORIO_08_LucasRamos_P9;8;LucasRamos;P9;;9;LOCATOR_CLICK;2026-06-29 10:47:57;2026-06-29 10:47:57;0,06;OK;Locator.click;
20260629_104706;RELATORIO_08_LucasRamos_P9;8;LucasRamos;P9;;9;PAGE_WAIT_TIMEOUT;2026-06-29 10:47:57;2026-06-29 10:48:00;3,003;OK;Page.wait_for_timeout;
20260629_104706;RELATORIO_08_LucasRamos_P9;8;LucasRamos;P9;;9;LOCATOR_WAIT_FOR;2026-06-29 10:48:00;2026-06-29 10:48:00;0,014;OK;Locator.wait_for;
20260629_104706;RELATORIO_08_LucasRamos_P9;8;LucasRamos;P9;;9;PAGE_WAIT_TIMEOUT;2026-06-29 10:48:00;2026-06-29 10:48:01;1,004;OK;Page.wait_for_timeout;
20260629_104706;RELATORIO_08_LucasRamos_P9;8;LucasRamos;P9;;9;LOCATOR_CLICK;2026-06-29 10:48:01;2026-06-29 10:48:05;4,057;OK;Locator.click;
20260629_104706;RELATORIO_08_LucasRamos_P9;8;LucasRamos;P9;;9;PAGE_WAIT_LOAD_STATE;2026-06-29 10:48:05;2026-06-29 10:48:09;4,784;OK;Page.wait_for_load_state;
20260629_104706;RELATORIO_08_LucasRamos_P9;8;LucasRamos;P9;;9;PAGE_WAIT_LOAD_STATE;2026-06-29 10:48:09;2026-06-29 10:48:10;0,445;OK;Page.wait_for_load_state;
20260629_104706;RELATORIO_08_LucasRamos_P9;8;LucasRamos;P9;;9;LOCATOR_WAIT_FOR;2026-06-29 10:48:10;2026-06-29 10:48:10;0,168;OK;Locator.wait_for;
20260629_104706;RELATORIO_08_LucasRamos_P9;8;LucasRamos;P9;;9;LOCATOR_WAIT_FOR;2026-06-29 10:48:10;2026-06-29 10:48:10;0,01;OK;Locator.wait_for;
20260629_104706;RELATORIO_08_LucasRamos_P9;8;LucasRamos;P9;;9;LOCATOR_WAIT_FOR;2026-06-29 10:48:10;2026-06-29 10:48:10;0,01;OK;Locator.wait_for;
20260629_104706;RELATORIO_08_LucasRamos_P9;8;LucasRamos;P9;;9;LOCATOR_WAIT_FOR;2026-06-29 10:48:10;2026-06-29 10:48:10;0,007;OK;Locator.wait_for | OTIMIZADO: overlay APEX: timeout reduzido de 8000ms para 1000ms;
20260629_104706;RELATORIO_08_LucasRamos_P9;8;LucasRamos;P9;;9;LOCATOR_WAIT_FOR;2026-06-29 10:48:10;2026-06-29 10:48:10;0,204;OK;Locator.wait_for;
20260629_104706;RELATORIO_08_LucasRamos_P9;8;LucasRamos;P9;;9;PAGE_WAIT_TIMEOUT;2026-06-29 10:48:10;2026-06-29 10:48:11;0,456;OK;Page.wait_for_timeout | OTIMIZADO: wait_for_timeout reduzido de 1000ms para 450ms;
20260629_104706;RELATORIO_08_LucasRamos_P9;8;LucasRamos;P9;;9;LOCATOR_WAIT_FOR;2026-06-29 10:48:11;2026-06-29 10:48:11;0,016;OK;Locator.wait_for;
20260629_104706;RELATORIO_08_LucasRamos_P9;8;LucasRamos;P9;;9;PAGE_WAIT_TIMEOUT;2026-06-29 10:48:11;2026-06-29 10:48:11;0,457;OK;Page.wait_for_timeout | OTIMIZADO: wait_for_timeout reduzido de 1000ms para 450ms;
20260629_104706;RELATORIO_08_LucasRamos_P9;8;LucasRamos;P9;;9;LOCATOR_SELECT_OPTION;2026-06-29 10:48:11;2026-06-29 10:48:11;0,044;OK;Locator.select_option;
20260629_104706;RELATORIO_08_LucasRamos_P9;8;LucasRamos;P9;;9;PAGE_WAIT_TIMEOUT;2026-06-29 10:48:11;2026-06-29 10:48:12;0,456;OK;Page.wait_for_timeout | OTIMIZADO: wait_for_timeout reduzido de 3000ms para 450ms;
20260629_104706;RELATORIO_08_LucasRamos_P9;8;LucasRamos;P9;;9;LOCATOR_WAIT_FOR;2026-06-29 10:48:12;2026-06-29 10:48:14;2,006;ERRO;Locator.wait_for | OTIMIZADO: saved report go opcional: timeout reduzido de 15000ms para 2000ms;"TimeoutError: Locator.wait_for: Timeout 2000ms exceeded.
Call log:
  - waiting for locator(""#R35932200234408468_saved_reports_go"") to be visible
"
20260629_104706;RELATORIO_08_LucasRamos_P9;8;LucasRamos;P9;;9;LOCATOR_WAIT_FOR;2026-06-29 10:48:14;2026-06-29 10:48:14;0,068;OK;Locator.wait_for;
20260629_104706;RELATORIO_08_LucasRamos_P9;8;LucasRamos;P9;;9;PAGE_WAIT_TIMEOUT;2026-06-29 10:48:14;2026-06-29 10:48:14;0,453;OK;Page.wait_for_timeout | OTIMIZADO: wait_for_timeout reduzido de 1500ms para 450ms;
20260629_104706;RELATORIO_08_LucasRamos_P9;8;LucasRamos;P9;;9;LOCATOR_CLICK;2026-06-29 10:48:14;2026-06-29 10:48:14;0,081;OK;Locator.click;
20260629_104706;RELATORIO_08_LucasRamos_P9;8;LucasRamos;P9;;9;PAGE_WAIT_LOAD_STATE;2026-06-29 10:48:14;2026-06-29 10:48:14;0,003;OK;Page.wait_for_load_state;
20260629_104706;RELATORIO_08_LucasRamos_P9;8;LucasRamos;P9;;9;PAGE_WAIT_LOAD_STATE;2026-06-29 10:48:14;2026-06-29 10:48:14;0,002;OK;Page.wait_for_load_state;
20260629_104706;RELATORIO_08_LucasRamos_P9;8;LucasRamos;P9;;9;LOCATOR_IS_VISIBLE;2026-06-29 10:48:14;2026-06-29 10:48:14;0,046;OK;Locator.is_visible;
20260629_104706;RELATORIO_08_LucasRamos_P9;8;LucasRamos;P9;;9;PAGE_WAIT_TIMEOUT;2026-06-29 10:48:15;2026-06-29 10:48:15;0,454;OK;Page.wait_for_timeout | OTIMIZADO: wait_for_timeout reduzido de 1000ms para 450ms;
20260629_104706;RELATORIO_08_LucasRamos_P9;8;LucasRamos;P9;1;9;LOCATOR_WAIT_FOR;2026-06-29 10:48:15;2026-06-29 10:48:16;0,815;OK;Locator.wait_for;
20260629_104706;RELATORIO_08_LucasRamos_P9;8;LucasRamos;P9;1;9;LOCATOR_WAIT_FOR;2026-06-29 10:48:16;2026-06-29 10:48:16;0,007;OK;Locator.wait_for;
20260629_104706;RELATORIO_08_LucasRamos_P9;8;LucasRamos;P9;1;9;LOCATOR_WAIT_FOR;2026-06-29 10:48:16;2026-06-29 10:48:16;0,007;OK;Locator.wait_for;
20260629_104706;RELATORIO_08_LucasRamos_P9;8;LucasRamos;P9;1;9;LOCATOR_WAIT_FOR;2026-06-29 10:48:16;2026-06-29 10:48:16;0,007;OK;Locator.wait_for | OTIMIZADO: overlay APEX: timeout reduzido de 8000ms para 1000ms;
20260629_104706;RELATORIO_08_LucasRamos_P9;8;LucasRamos;P9;1;9;LOCATOR_WAIT_FOR;2026-06-29 10:48:16;2026-06-29 10:48:16;0,044;OK;Locator.wait_for;
20260629_104706;RELATORIO_08_LucasRamos_P9;8;LucasRamos;P9;1;9;LOCATOR_WAIT_FOR;2026-06-29 10:48:16;2026-06-29 10:48:16;0,043;OK;Locator.wait_for;
20260629_104706;RELATORIO_08_LucasRamos_P9;8;LucasRamos;P9;1;9;LOCATOR_CLICK;2026-06-29 10:48:16;2026-06-29 10:48:16;0,115;OK;Locator.click;
20260629_104706;RELATORIO_08_LucasRamos_P9;8;LucasRamos;P9;1;9;PAGE_WAIT_TIMEOUT;2026-06-29 10:48:16;2026-06-29 10:48:17;0,454;OK;Page.wait_for_timeout | OTIMIZADO: wait_for_timeout reduzido de 2500ms para 450ms;
20260629_104706;RELATORIO_08_LucasRamos_P9;8;LucasRamos;P9;1;9;LOCATOR_WAIT_FOR;2026-06-29 10:48:17;2026-06-29 10:48:17;0,047;OK;Locator.wait_for;
20260629_104706;RELATORIO_08_LucasRamos_P9;8;LucasRamos;P9;1;9;LOCATOR_WAIT_FOR;2026-06-29 10:48:17;2026-06-29 10:48:17;0,051;OK;Locator.wait_for;
20260629_104706;RELATORIO_08_LucasRamos_P9;8;LucasRamos;P9;1;9;LOCATOR_WAIT_FOR;2026-06-29 10:48:17;2026-06-29 10:48:17;0,227;OK;Locator.wait_for;
20260629_104706;RELATORIO_08_LucasRamos_P9;8;LucasRamos;P9;1;9;LOCATOR_WAIT_FOR;2026-06-29 10:48:17;2026-06-29 10:48:18;1,003;ERRO;Locator.wait_for | OTIMIZADO: overlay APEX: timeout reduzido de 8000ms para 1000ms;"TimeoutError: Locator.wait_for: Timeout 1000ms exceeded.
Call log:
  - waiting for locator("".ui-widget-overlay"").first to be hidden
    9 × locator resolved to visible <div class=""ui-widget-overlay ui-front""></div>
"
20260629_104706;RELATORIO_08_LucasRamos_P9;8;LucasRamos;P9;1;9;LOCATOR_WAIT_FOR;2026-06-29 10:48:18;2026-06-29 10:48:18;0,013;OK;Locator.wait_for;
20260629_104706;RELATORIO_08_LucasRamos_P9;8;LucasRamos;P9;1;9;LOCATOR_WAIT_FOR;2026-06-29 10:48:18;2026-06-29 10:48:18;0,019;OK;Locator.wait_for;
20260629_104706;RELATORIO_08_LucasRamos_P9;8;LucasRamos;P9;1;9;PAGE_WAIT_TIMEOUT;2026-06-29 10:48:18;2026-06-29 10:48:18;0,453;OK;Page.wait_for_timeout | OTIMIZADO: wait_for_timeout reduzido de 1200ms para 450ms;
20260629_104706;RELATORIO_08_LucasRamos_P9;8;LucasRamos;P9;1;9;LOCATOR_WAIT_FOR;2026-06-29 10:48:18;2026-06-29 10:48:18;0,008;OK;Locator.wait_for;
20260629_104706;RELATORIO_08_LucasRamos_P9;8;LucasRamos;P9;1;9;LOCATOR_WAIT_FOR;2026-06-29 10:48:18;2026-06-29 10:48:18;0,007;OK;Locator.wait_for;
20260629_104706;RELATORIO_08_LucasRamos_P9;8;LucasRamos;P9;1;9;LOCATOR_WAIT_FOR;2026-06-29 10:48:18;2026-06-29 10:48:18;0,01;OK;Locator.wait_for;
20260629_104706;RELATORIO_08_LucasRamos_P9;8;LucasRamos;P9;1;9;LOCATOR_WAIT_FOR;2026-06-29 10:48:18;2026-06-29 10:48:19;1,003;ERRO;Locator.wait_for | OTIMIZADO: overlay APEX: timeout reduzido de 8000ms para 1000ms;"TimeoutError: Locator.wait_for: Timeout 1000ms exceeded.
Call log:
  - waiting for locator("".ui-widget-overlay"").first to be hidden
    11 × locator resolved to visible <div class=""ui-widget-overlay ui-front""></div>
"
20260629_104706;RELATORIO_08_LucasRamos_P9;8;LucasRamos;P9;1;9;LOCATOR_INNER_TEXT;2026-06-29 10:48:19;2026-06-29 10:48:19;0,039;OK;Locator.inner_text;
20260629_104706;RELATORIO_08_LucasRamos_P9;8;LucasRamos;P9;1;9;LOCATOR_IS_VISIBLE;2026-06-29 10:48:19;2026-06-29 10:48:19;0,024;OK;Locator.is_visible;
20260629_104706;RELATORIO_08_LucasRamos_P9;8;LucasRamos;P9;1;9;LOCATOR_CLICK;2026-06-29 10:48:19;2026-06-29 10:48:20;0,165;OK;Locator.click;
20260629_104706;RELATORIO_08_LucasRamos_P9;8;LucasRamos;P9;1;9;PAGE_WAIT_TIMEOUT;2026-06-29 10:48:20;2026-06-29 10:48:20;0,453;OK;Page.wait_for_timeout | OTIMIZADO: wait_for_timeout reduzido de 2500ms para 450ms;
20260629_104706;RELATORIO_08_LucasRamos_P9;8;LucasRamos;P9;1;9;LOCATOR_WAIT_FOR;2026-06-29 10:48:20;2026-06-29 10:48:20;0,011;OK;Locator.wait_for;
20260629_104706;RELATORIO_08_LucasRamos_P9;8;LucasRamos;P9;1;9;LOCATOR_WAIT_FOR;2026-06-29 10:48:20;2026-06-29 10:48:20;0,008;OK;Locator.wait_for;
20260629_104706;RELATORIO_08_LucasRamos_P9;8;LucasRamos;P9;1;9;LOCATOR_WAIT_FOR;2026-06-29 10:48:20;2026-06-29 10:48:20;0,008;OK;Locator.wait_for;
20260629_104706;RELATORIO_08_LucasRamos_P9;8;LucasRamos;P9;1;9;LOCATOR_WAIT_FOR;2026-06-29 10:48:20;2026-06-29 10:48:21;1,002;ERRO;Locator.wait_for | OTIMIZADO: overlay APEX: timeout reduzido de 8000ms para 1000ms;"TimeoutError: Locator.wait_for: Timeout 1000ms exceeded.
Call log:
  - waiting for locator("".ui-widget-overlay"").first to be hidden
    6 × locator resolved to visible <div class=""ui-widget-overlay ui-front""></div>
"
20260629_104706;RELATORIO_08_LucasRamos_P9;8;LucasRamos;P9;1;9;LOCATOR_WAIT_FOR;2026-06-29 10:48:21;2026-06-29 10:48:21;0,015;OK;Locator.wait_for;
20260629_104706;RELATORIO_08_LucasRamos_P9;8;LucasRamos;P9;1;9;LOCATOR_WAIT_FOR;2026-06-29 10:48:21;2026-06-29 10:48:21;0,025;OK;Locator.wait_for;
20260629_104706;RELATORIO_08_LucasRamos_P9;8;LucasRamos;P9;1;9;LOCATOR_CLICK;2026-06-29 10:48:21;2026-06-29 10:48:21;0,19;OK;Locator.click;
20260629_104706;RELATORIO_08_LucasRamos_P9;8;LucasRamos;P9;1;9;PAGE_WAIT_TIMEOUT;2026-06-29 10:48:21;2026-06-29 10:48:22;0,455;OK;Page.wait_for_timeout | OTIMIZADO: wait_for_timeout reduzido de 1200ms para 450ms;
20260629_104706;RELATORIO_08_LucasRamos_P9;8;LucasRamos;P9;1;9;LOCATOR_CLICK;2026-06-29 10:48:22;2026-06-29 10:48:22;0,305;OK;Locator.click;
20260629_104706;RELATORIO_08_LucasRamos_P9;8;LucasRamos;P9;1;9;PAGE_WAIT_TIMEOUT;2026-06-29 10:48:22;2026-06-29 10:48:23;0,456;OK;Page.wait_for_timeout | OTIMIZADO: wait_for_timeout reduzido de 1200ms para 450ms;
20260629_104706;RELATORIO_08_LucasRamos_P9;8;LucasRamos;P9;1;9;PAGE_PREPARAR_EXPECT_DOWNLOAD;2026-06-29 10:48:23;2026-06-29 10:48:23;0,003;OK;Page.expect_download;
20260629_104706;RELATORIO_08_LucasRamos_P9;8;LucasRamos;P9;1;9;LOCATOR_CLICK;2026-06-29 10:48:23;2026-06-29 10:48:23;0,203;OK;Locator.click;
20260629_104706;RELATORIO_08_LucasRamos_P9;8;LucasRamos;P9;1;9;DOWNLOAD_SAVE_AS;2026-06-29 10:48:23;2026-06-29 10:48:24;0,948;OK;Download.save_as;
20260629_104706;RELATORIO_08_LucasRamos_P9;8;LucasRamos;P9;1;9;LOCATOR_CLICK;2026-06-29 10:48:24;2026-06-29 10:48:24;0,146;OK;Locator.click;
20260629_104706;RELATORIO_08_LucasRamos_P9;8;LucasRamos;P9;1;9;PAGE_WAIT_TIMEOUT;2026-06-29 10:48:24;2026-06-29 10:48:25;0,456;OK;Page.wait_for_timeout | OTIMIZADO: wait_for_timeout reduzido de 1000ms para 450ms;
20260629_104706;RELATORIO_08_LucasRamos_P9;8;LucasRamos;P9;1;9;LOCATOR_CLICK;2026-06-29 10:48:25;2026-06-29 10:48:25;0,106;OK;Locator.click;
20260629_104706;RELATORIO_08_LucasRamos_P9;8;LucasRamos;P9;1;9;PAGE_WAIT_TIMEOUT;2026-06-29 10:48:25;2026-06-29 10:48:25;0,463;OK;Page.wait_for_timeout | OTIMIZADO: wait_for_timeout reduzido de 1000ms para 450ms;
20260629_104706;RELATORIO_08_LucasRamos_P9;8;LucasRamos;P9;1;9;PAGE_WAIT_TIMEOUT;2026-06-29 10:48:25;2026-06-29 10:48:26;0,456;OK;Page.wait_for_timeout | OTIMIZADO: wait_for_timeout reduzido de 500ms para 450ms;
20260629_104706;RELATORIO_08_LucasRamos_P9;8;LucasRamos;P9;1;9;LOCATOR_WAIT_FOR;2026-06-29 10:48:26;2026-06-29 10:48:26;0,007;OK;Locator.wait_for;
20260629_104706;RELATORIO_08_LucasRamos_P9;8;LucasRamos;P9;1;9;LOCATOR_WAIT_FOR;2026-06-29 10:48:26;2026-06-29 10:48:26;0,008;OK;Locator.wait_for;
20260629_104706;RELATORIO_08_LucasRamos_P9;8;LucasRamos;P9;1;9;LOCATOR_WAIT_FOR;2026-06-29 10:48:26;2026-06-29 10:48:26;0,014;OK;Locator.wait_for;
20260629_104706;RELATORIO_08_LucasRamos_P9;8;LucasRamos;P9;1;9;LOCATOR_WAIT_FOR;2026-06-29 10:48:26;2026-06-29 10:48:26;0,009;OK;Locator.wait_for | OTIMIZADO: overlay APEX: timeout reduzido de 8000ms para 1000ms;
20260629_104706;RELATORIO_08_LucasRamos_P9;8;LucasRamos;P9;1;9;PAGE_WAIT_TIMEOUT;2026-06-29 10:48:26;2026-06-29 10:48:26;0,453;OK;Page.wait_for_timeout | OTIMIZADO: wait_for_timeout reduzido de 1500ms para 450ms;
20260629_104706;RELATORIO_08_LucasRamos_P9;8;LucasRamos;P9;1;9;LOCATOR_WAIT_FOR;2026-06-29 10:48:26;2026-06-29 10:48:26;0,071;OK;Locator.wait_for;
20260629_104706;RELATORIO_08_LucasRamos_P9;8;LucasRamos;P9;1;9;LOCATOR_CLICK;2026-06-29 10:48:26;2026-06-29 10:48:26;0,133;OK;Locator.click;
20260629_104706;RELATORIO_08_LucasRamos_P9;8;LucasRamos;P9;1;9;PAGE_WAIT_TIMEOUT;2026-06-29 10:48:26;2026-06-29 10:48:27;0,455;OK;Page.wait_for_timeout | OTIMIZADO: wait_for_timeout reduzido de 2500ms para 450ms;
20260629_104706;RELATORIO_08_LucasRamos_P9;8;LucasRamos;P9;1;9;LOCATOR_WAIT_FOR;2026-06-29 10:48:27;2026-06-29 10:48:27;0,01;OK;Locator.wait_for;
20260629_104706;RELATORIO_08_LucasRamos_P9;8;LucasRamos;P9;1;9;LOCATOR_WAIT_FOR;2026-06-29 10:48:27;2026-06-29 10:48:27;0,024;OK;Locator.wait_for;
20260629_104706;RELATORIO_08_LucasRamos_P9;8;LucasRamos;P9;1;9;LOCATOR_WAIT_FOR;2026-06-29 10:48:27;2026-06-29 10:48:27;0,012;OK;Locator.wait_for;
20260629_104706;RELATORIO_08_LucasRamos_P9;8;LucasRamos;P9;1;9;LOCATOR_WAIT_FOR;2026-06-29 10:48:27;2026-06-29 10:48:28;1,006;ERRO;Locator.wait_for | OTIMIZADO: overlay APEX: timeout reduzido de 8000ms para 1000ms;"TimeoutError: Locator.wait_for: Timeout 1000ms exceeded.
Call log:
  - waiting for locator("".ui-widget-overlay"").first to be hidden
    10 × locator resolved to visible <div class=""ui-widget-overlay ui-front""></div>
"
20260629_104706;RELATORIO_08_LucasRamos_P9;8;LucasRamos;P9;1;9;LOCATOR_WAIT_FOR;2026-06-29 10:48:28;2026-06-29 10:48:28;0,014;OK;Locator.wait_for;
20260629_104706;RELATORIO_08_LucasRamos_P9;8;LucasRamos;P9;1;9;LOCATOR_WAIT_FOR;2026-06-29 10:48:28;2026-06-29 10:48:28;0,015;OK;Locator.wait_for;
20260629_104706;RELATORIO_08_LucasRamos_P9;8;LucasRamos;P9;1;9;PAGE_WAIT_TIMEOUT;2026-06-29 10:48:28;2026-06-29 10:48:28;0,453;OK;Page.wait_for_timeout | OTIMIZADO: wait_for_timeout reduzido de 1200ms para 450ms;
20260629_104706;RELATORIO_08_LucasRamos_P9;8;LucasRamos;P9;1;9;LOCATOR_WAIT_FOR;2026-06-29 10:48:28;2026-06-29 10:48:28;0,009;OK;Locator.wait_for;
20260629_104706;RELATORIO_08_LucasRamos_P9;8;LucasRamos;P9;1;9;LOCATOR_WAIT_FOR;2026-06-29 10:48:28;2026-06-29 10:48:28;0,009;OK;Locator.wait_for;
20260629_104706;RELATORIO_08_LucasRamos_P9;8;LucasRamos;P9;1;9;LOCATOR_WAIT_FOR;2026-06-29 10:48:28;2026-06-29 10:48:28;0,01;OK;Locator.wait_for;
20260629_104706;RELATORIO_08_LucasRamos_P9;8;LucasRamos;P9;1;9;LOCATOR_WAIT_FOR;2026-06-29 10:48:28;2026-06-29 10:48:29;1,004;ERRO;Locator.wait_for | OTIMIZADO: overlay APEX: timeout reduzido de 8000ms para 1000ms;"TimeoutError: Locator.wait_for: Timeout 1000ms exceeded.
Call log:
  - waiting for locator("".ui-widget-overlay"").first to be hidden
    10 × locator resolved to visible <div class=""ui-widget-overlay ui-front""></div>
"
20260629_104706;RELATORIO_08_LucasRamos_P9;8;LucasRamos;P9;1;9;LOCATOR_INNER_TEXT;2026-06-29 10:48:29;2026-06-29 10:48:29;0,042;OK;Locator.inner_text;
20260629_104706;RELATORIO_08_LucasRamos_P9;8;LucasRamos;P9;1;9;LOCATOR_IS_VISIBLE;2026-06-29 10:48:31;2026-06-29 10:48:31;0,02;OK;Locator.is_visible;
20260629_104706;RELATORIO_08_LucasRamos_P9;8;LucasRamos;P9;1;9;LOCATOR_CLICK;2026-06-29 10:48:31;2026-06-29 10:48:31;0,137;OK;Locator.click;
20260629_104706;RELATORIO_08_LucasRamos_P9;8;LucasRamos;P9;1;9;PAGE_WAIT_TIMEOUT;2026-06-29 10:48:31;2026-06-29 10:48:31;0,455;OK;Page.wait_for_timeout | OTIMIZADO: wait_for_timeout reduzido de 2500ms para 450ms;
20260629_104706;RELATORIO_08_LucasRamos_P9;8;LucasRamos;P9;1;9;LOCATOR_WAIT_FOR;2026-06-29 10:48:31;2026-06-29 10:48:31;0,02;OK;Locator.wait_for;
20260629_104706;RELATORIO_08_LucasRamos_P9;8;LucasRamos;P9;1;9;LOCATOR_WAIT_FOR;2026-06-29 10:48:31;2026-06-29 10:48:32;0,048;OK;Locator.wait_for;
20260629_104706;RELATORIO_08_LucasRamos_P9;8;LucasRamos;P9;1;9;LOCATOR_WAIT_FOR;2026-06-29 10:48:32;2026-06-29 10:48:32;0,04;OK;Locator.wait_for;
20260629_104706;RELATORIO_08_LucasRamos_P9;8;LucasRamos;P9;1;9;LOCATOR_WAIT_FOR;2026-06-29 10:48:32;2026-06-29 10:48:33;1,003;ERRO;Locator.wait_for | OTIMIZADO: overlay APEX: timeout reduzido de 8000ms para 1000ms;"TimeoutError: Locator.wait_for: Timeout 1000ms exceeded.
Call log:
  - waiting for locator("".ui-widget-overlay"").first to be hidden
    5 × locator resolved to visible <div class=""ui-widget-overlay ui-front""></div>
"
20260629_104706;RELATORIO_08_LucasRamos_P9;8;LucasRamos;P9;1;9;LOCATOR_WAIT_FOR;2026-06-29 10:48:33;2026-06-29 10:48:33;0,017;OK;Locator.wait_for;
20260629_104706;RELATORIO_08_LucasRamos_P9;8;LucasRamos;P9;1;9;LOCATOR_WAIT_FOR;2026-06-29 10:48:33;2026-06-29 10:48:33;0,05;OK;Locator.wait_for;
20260629_104706;RELATORIO_08_LucasRamos_P9;8;LucasRamos;P9;1;9;LOCATOR_CLICK;2026-06-29 10:48:33;2026-06-29 10:48:33;0,148;OK;Locator.click;
20260629_104706;RELATORIO_08_LucasRamos_P9;8;LucasRamos;P9;1;9;PAGE_WAIT_TIMEOUT;2026-06-29 10:48:33;2026-06-29 10:48:33;0,455;OK;Page.wait_for_timeout | OTIMIZADO: wait_for_timeout reduzido de 1200ms para 450ms;
20260629_104706;RELATORIO_08_LucasRamos_P9;8;LucasRamos;P9;1;9;LOCATOR_CLICK;2026-06-29 10:48:33;2026-06-29 10:48:34;0,278;OK;Locator.click;
20260629_104706;RELATORIO_08_LucasRamos_P9;8;LucasRamos;P9;1;9;PAGE_WAIT_TIMEOUT;2026-06-29 10:48:34;2026-06-29 10:48:34;0,454;OK;Page.wait_for_timeout | OTIMIZADO: wait_for_timeout reduzido de 1200ms para 450ms;
20260629_104706;RELATORIO_08_LucasRamos_P9;8;LucasRamos;P9;1;9;PAGE_PREPARAR_EXPECT_DOWNLOAD;2026-06-29 10:48:34;2026-06-29 10:48:34;0,003;OK;Page.expect_download;
20260629_104706;RELATORIO_08_LucasRamos_P9;8;LucasRamos;P9;1;9;LOCATOR_CLICK;2026-06-29 10:48:34;2026-06-29 10:48:34;0,169;OK;Locator.click;
20260629_104706;RELATORIO_08_LucasRamos_P9;8;LucasRamos;P9;1;9;DOWNLOAD_SAVE_AS;2026-06-29 10:48:35;2026-06-29 10:48:35;0,261;OK;Download.save_as;
20260629_104706;RELATORIO_08_LucasRamos_P9;8;LucasRamos;P9;1;9;LOCATOR_CLICK;2026-06-29 10:48:35;2026-06-29 10:48:35;0,09;OK;Locator.click;
20260629_104706;RELATORIO_08_LucasRamos_P9;8;LucasRamos;P9;1;9;PAGE_WAIT_TIMEOUT;2026-06-29 10:48:35;2026-06-29 10:48:35;0,453;OK;Page.wait_for_timeout | OTIMIZADO: wait_for_timeout reduzido de 1000ms para 450ms;
20260629_104706;RELATORIO_08_LucasRamos_P9;8;LucasRamos;P9;1;9;LOCATOR_CLICK;2026-06-29 10:48:36;2026-06-29 10:48:36;0,059;OK;Locator.click;
20260629_104706;RELATORIO_08_LucasRamos_P9;8;LucasRamos;P9;1;9;PAGE_WAIT_TIMEOUT;2026-06-29 10:48:36;2026-06-29 10:48:36;0,453;OK;Page.wait_for_timeout | OTIMIZADO: wait_for_timeout reduzido de 1000ms para 450ms;
20260629_104706;RELATORIO_08_LucasRamos_P9;8;LucasRamos;P9;1;9;PAGE_WAIT_TIMEOUT;2026-06-29 10:48:36;2026-06-29 10:48:37;0,453;OK;Page.wait_for_timeout | OTIMIZADO: wait_for_timeout reduzido de 500ms para 450ms;
20260629_104706;RELATORIO_08_LucasRamos_P9;8;LucasRamos;P9;1;9;LOCATOR_WAIT_FOR;2026-06-29 10:48:37;2026-06-29 10:48:37;0,007;OK;Locator.wait_for;
20260629_104706;RELATORIO_08_LucasRamos_P9;8;LucasRamos;P9;1;9;LOCATOR_WAIT_FOR;2026-06-29 10:48:37;2026-06-29 10:48:37;0,011;OK;Locator.wait_for;
20260629_104706;RELATORIO_08_LucasRamos_P9;8;LucasRamos;P9;1;9;LOCATOR_WAIT_FOR;2026-06-29 10:48:37;2026-06-29 10:48:37;0,008;OK;Locator.wait_for;
20260629_104706;RELATORIO_08_LucasRamos_P9;8;LucasRamos;P9;1;9;LOCATOR_WAIT_FOR;2026-06-29 10:48:37;2026-06-29 10:48:37;0,007;OK;Locator.wait_for | OTIMIZADO: overlay APEX: timeout reduzido de 8000ms para 1000ms;
20260629_104706;RELATORIO_08_LucasRamos_P9;8;LucasRamos;P9;1;9;PAGE_WAIT_TIMEOUT;2026-06-29 10:48:37;2026-06-29 10:48:37;0,453;OK;Page.wait_for_timeout | OTIMIZADO: wait_for_timeout reduzido de 1500ms para 450ms;
20260629_104706;RELATORIO_08_LucasRamos_P9;8;LucasRamos;P9;1;9;LOCATOR_WAIT_FOR;2026-06-29 10:48:37;2026-06-29 10:48:37;0,058;OK;Locator.wait_for;
20260629_104706;RELATORIO_08_LucasRamos_P9;8;LucasRamos;P9;1;9;LOCATOR_CLICK;2026-06-29 10:48:37;2026-06-29 10:48:37;0,121;OK;Locator.click;
20260629_104706;RELATORIO_08_LucasRamos_P9;8;LucasRamos;P9;1;9;PAGE_WAIT_TIMEOUT;2026-06-29 10:48:37;2026-06-29 10:48:38;0,454;OK;Page.wait_for_timeout | OTIMIZADO: wait_for_timeout reduzido de 2500ms para 450ms;
20260629_104706;RELATORIO_08_LucasRamos_P9;8;LucasRamos;P9;1;9;LOCATOR_WAIT_FOR;2026-06-29 10:48:38;2026-06-29 10:48:38;0,054;OK;Locator.wait_for;
20260629_104706;RELATORIO_08_LucasRamos_P9;8;LucasRamos;P9;1;9;LOCATOR_WAIT_FOR;2026-06-29 10:48:38;2026-06-29 10:48:38;0,008;OK;Locator.wait_for;
20260629_104706;RELATORIO_08_LucasRamos_P9;8;LucasRamos;P9;1;9;LOCATOR_WAIT_FOR;2026-06-29 10:48:38;2026-06-29 10:48:38;0,009;OK;Locator.wait_for;
20260629_104706;RELATORIO_08_LucasRamos_P9;8;LucasRamos;P9;1;9;LOCATOR_WAIT_FOR;2026-06-29 10:48:38;2026-06-29 10:48:39;1,003;ERRO;Locator.wait_for | OTIMIZADO: overlay APEX: timeout reduzido de 8000ms para 1000ms;"TimeoutError: Locator.wait_for: Timeout 1000ms exceeded.
Call log:
  - waiting for locator("".ui-widget-overlay"").first to be hidden
    9 × locator resolved to visible <div class=""ui-widget-overlay ui-front""></div>
"
20260629_104706;RELATORIO_08_LucasRamos_P9;8;LucasRamos;P9;1;9;LOCATOR_WAIT_FOR;2026-06-29 10:48:39;2026-06-29 10:48:39;0,017;OK;Locator.wait_for;
20260629_104706;RELATORIO_08_LucasRamos_P9;8;LucasRamos;P9;1;9;LOCATOR_WAIT_FOR;2026-06-29 10:48:39;2026-06-29 10:48:39;0,015;OK;Locator.wait_for;
20260629_104706;RELATORIO_08_LucasRamos_P9;8;LucasRamos;P9;1;9;PAGE_WAIT_TIMEOUT;2026-06-29 10:48:39;2026-06-29 10:48:39;0,453;OK;Page.wait_for_timeout | OTIMIZADO: wait_for_timeout reduzido de 1200ms para 450ms;
20260629_104706;RELATORIO_08_LucasRamos_P9;8;LucasRamos;P9;1;9;LOCATOR_WAIT_FOR;2026-06-29 10:48:39;2026-06-29 10:48:39;0,008;OK;Locator.wait_for;
20260629_104706;RELATORIO_08_LucasRamos_P9;8;LucasRamos;P9;1;9;LOCATOR_WAIT_FOR;2026-06-29 10:48:39;2026-06-29 10:48:39;0,007;OK;Locator.wait_for;
20260629_104706;RELATORIO_08_LucasRamos_P9;8;LucasRamos;P9;1;9;LOCATOR_WAIT_FOR;2026-06-29 10:48:39;2026-06-29 10:48:39;0,007;OK;Locator.wait_for;
20260629_104706;RELATORIO_08_LucasRamos_P9;8;LucasRamos;P9;1;9;LOCATOR_WAIT_FOR;2026-06-29 10:48:39;2026-06-29 10:48:40;1,003;ERRO;Locator.wait_for | OTIMIZADO: overlay APEX: timeout reduzido de 8000ms para 1000ms;"TimeoutError: Locator.wait_for: Timeout 1000ms exceeded.
Call log:
  - waiting for locator("".ui-widget-overlay"").first to be hidden
    11 × locator resolved to visible <div class=""ui-widget-overlay ui-front""></div>
"
20260629_104706;RELATORIO_08_LucasRamos_P9;8;LucasRamos;P9;1;9;LOCATOR_INNER_TEXT;2026-06-29 10:48:40;2026-06-29 10:48:40;0,032;OK;Locator.inner_text;
20260629_104706;RELATORIO_08_LucasRamos_P9;8;LucasRamos;P9;1;9;LOCATOR_IS_VISIBLE;2026-06-29 10:48:40;2026-06-29 10:48:40;0,018;OK;Locator.is_visible;
20260629_104706;RELATORIO_08_LucasRamos_P9;8;LucasRamos;P9;1;9;LOCATOR_CLICK;2026-06-29 10:48:40;2026-06-29 10:48:40;0,123;OK;Locator.click;
20260629_104706;RELATORIO_08_LucasRamos_P9;8;LucasRamos;P9;1;9;PAGE_WAIT_TIMEOUT;2026-06-29 10:48:40;2026-06-29 10:48:41;0,453;OK;Page.wait_for_timeout | OTIMIZADO: wait_for_timeout reduzido de 2500ms para 450ms;
20260629_104706;RELATORIO_08_LucasRamos_P9;8;LucasRamos;P9;1;9;LOCATOR_WAIT_FOR;2026-06-29 10:48:41;2026-06-29 10:48:41;0,008;OK;Locator.wait_for;
20260629_104706;RELATORIO_08_LucasRamos_P9;8;LucasRamos;P9;1;9;LOCATOR_WAIT_FOR;2026-06-29 10:48:41;2026-06-29 10:48:41;0,009;OK;Locator.wait_for;
20260629_104706;RELATORIO_08_LucasRamos_P9;8;LucasRamos;P9;1;9;LOCATOR_WAIT_FOR;2026-06-29 10:48:41;2026-06-29 10:48:41;0,01;OK;Locator.wait_for;
20260629_104706;RELATORIO_08_LucasRamos_P9;8;LucasRamos;P9;1;9;LOCATOR_WAIT_FOR;2026-06-29 10:48:41;2026-06-29 10:48:42;1,004;ERRO;Locator.wait_for | OTIMIZADO: overlay APEX: timeout reduzido de 8000ms para 1000ms;"TimeoutError: Locator.wait_for: Timeout 1000ms exceeded.
Call log:
  - waiting for locator("".ui-widget-overlay"").first to be hidden
    11 × locator resolved to visible <div class=""ui-widget-overlay ui-front""></div>
"
20260629_104706;RELATORIO_08_LucasRamos_P9;8;LucasRamos;P9;1;9;LOCATOR_WAIT_FOR;2026-06-29 10:48:42;2026-06-29 10:48:42;0,092;OK;Locator.wait_for;
20260629_104706;RELATORIO_08_LucasRamos_P9;8;LucasRamos;P9;1;9;LOCATOR_WAIT_FOR;2026-06-29 10:48:42;2026-06-29 10:48:43;0,576;OK;Locator.wait_for;
20260629_104706;RELATORIO_08_LucasRamos_P9;8;LucasRamos;P9;1;9;LOCATOR_CLICK;2026-06-29 10:48:43;2026-06-29 10:48:43;0,214;OK;Locator.click;
20260629_104706;RELATORIO_08_LucasRamos_P9;8;LucasRamos;P9;1;9;PAGE_WAIT_TIMEOUT;2026-06-29 10:48:43;2026-06-29 10:48:43;0,455;OK;Page.wait_for_timeout | OTIMIZADO: wait_for_timeout reduzido de 1200ms para 450ms;
20260629_104706;RELATORIO_08_LucasRamos_P9;8;LucasRamos;P9;1;9;LOCATOR_CLICK;2026-06-29 10:48:43;2026-06-29 10:48:44;0,325;OK;Locator.click;
20260629_104706;RELATORIO_08_LucasRamos_P9;8;LucasRamos;P9;1;9;PAGE_WAIT_TIMEOUT;2026-06-29 10:48:44;2026-06-29 10:48:44;0,456;OK;Page.wait_for_timeout | OTIMIZADO: wait_for_timeout reduzido de 1200ms para 450ms;
20260629_104706;RELATORIO_08_LucasRamos_P9;8;LucasRamos;P9;1;9;PAGE_PREPARAR_EXPECT_DOWNLOAD;2026-06-29 10:48:44;2026-06-29 10:48:44;0,003;OK;Page.expect_download;
20260629_104706;RELATORIO_08_LucasRamos_P9;8;LucasRamos;P9;1;9;LOCATOR_CLICK;2026-06-29 10:48:44;2026-06-29 10:48:44;0,176;OK;Locator.click;
20260629_104706;RELATORIO_08_LucasRamos_P9;8;LucasRamos;P9;1;9;DOWNLOAD_SAVE_AS;2026-06-29 10:48:44;2026-06-29 10:48:45;0,338;OK;Download.save_as;
20260629_104706;RELATORIO_08_LucasRamos_P9;8;LucasRamos;P9;1;9;LOCATOR_CLICK;2026-06-29 10:48:45;2026-06-29 10:48:45;0,076;OK;Locator.click;
20260629_104706;RELATORIO_08_LucasRamos_P9;8;LucasRamos;P9;1;9;PAGE_WAIT_TIMEOUT;2026-06-29 10:48:45;2026-06-29 10:48:45;0,453;OK;Page.wait_for_timeout | OTIMIZADO: wait_for_timeout reduzido de 1000ms para 450ms;
20260629_104706;RELATORIO_08_LucasRamos_P9;8;LucasRamos;P9;1;9;LOCATOR_CLICK;2026-06-29 10:48:45;2026-06-29 10:48:45;0,071;OK;Locator.click;
20260629_104706;RELATORIO_08_LucasRamos_P9;8;LucasRamos;P9;1;9;PAGE_WAIT_TIMEOUT;2026-06-29 10:48:45;2026-06-29 10:48:46;0,452;OK;Page.wait_for_timeout | OTIMIZADO: wait_for_timeout reduzido de 1000ms para 450ms;
20260629_104706;RELATORIO_08_LucasRamos_P9;8;LucasRamos;P9;1;9;PAGE_WAIT_TIMEOUT;2026-06-29 10:48:46;2026-06-29 10:48:46;0,453;OK;Page.wait_for_timeout | OTIMIZADO: wait_for_timeout reduzido de 500ms para 450ms;
20260629_104706;RELATORIO_08_LucasRamos_P9;8;LucasRamos;P9;1;9;LOCATOR_WAIT_FOR;2026-06-29 10:48:46;2026-06-29 10:48:46;0,007;OK;Locator.wait_for;
20260629_104706;RELATORIO_08_LucasRamos_P9;8;LucasRamos;P9;1;9;LOCATOR_WAIT_FOR;2026-06-29 10:48:46;2026-06-29 10:48:46;0,008;OK;Locator.wait_for;
20260629_104706;RELATORIO_08_LucasRamos_P9;8;LucasRamos;P9;1;9;LOCATOR_WAIT_FOR;2026-06-29 10:48:46;2026-06-29 10:48:46;0,008;OK;Locator.wait_for;
20260629_104706;RELATORIO_08_LucasRamos_P9;8;LucasRamos;P9;1;9;LOCATOR_WAIT_FOR;2026-06-29 10:48:46;2026-06-29 10:48:46;0,01;OK;Locator.wait_for | OTIMIZADO: overlay APEX: timeout reduzido de 8000ms para 1000ms;
20260629_104706;RELATORIO_08_LucasRamos_P9;8;LucasRamos;P9;1;9;PAGE_WAIT_TIMEOUT;2026-06-29 10:48:46;2026-06-29 10:48:47;0,455;OK;Page.wait_for_timeout | OTIMIZADO: wait_for_timeout reduzido de 1500ms para 450ms;
20260629_104706;RELATORIO_08_LucasRamos_P9;8;LucasRamos;P9;1;9;LOCATOR_WAIT_FOR;2026-06-29 10:48:47;2026-06-29 10:48:47;0,063;OK;Locator.wait_for;
20260629_104706;RELATORIO_08_LucasRamos_P9;8;LucasRamos;P9;1;9;LOCATOR_CLICK;2026-06-29 10:48:47;2026-06-29 10:48:47;0,137;OK;Locator.click;
20260629_104706;RELATORIO_08_LucasRamos_P9;8;LucasRamos;P9;1;9;PAGE_WAIT_TIMEOUT;2026-06-29 10:48:47;2026-06-29 10:48:48;0,455;OK;Page.wait_for_timeout | OTIMIZADO: wait_for_timeout reduzido de 2500ms para 450ms;
20260629_104706;RELATORIO_08_LucasRamos_P9;8;LucasRamos;P9;1;9;LOCATOR_WAIT_FOR;2026-06-29 10:48:48;2026-06-29 10:48:48;0,061;OK;Locator.wait_for;
20260629_104706;RELATORIO_08_LucasRamos_P9;8;LucasRamos;P9;1;9;LOCATOR_WAIT_FOR;2026-06-29 10:48:48;2026-06-29 10:48:48;0,023;OK;Locator.wait_for;
20260629_104706;RELATORIO_08_LucasRamos_P9;8;LucasRamos;P9;1;9;LOCATOR_WAIT_FOR;2026-06-29 10:48:48;2026-06-29 10:48:48;0,154;OK;Locator.wait_for;
20260629_104706;RELATORIO_08_LucasRamos_P9;8;LucasRamos;P9;1;9;LOCATOR_WAIT_FOR;2026-06-29 10:48:48;2026-06-29 10:48:49;1,003;ERRO;Locator.wait_for | OTIMIZADO: overlay APEX: timeout reduzido de 8000ms para 1000ms;"TimeoutError: Locator.wait_for: Timeout 1000ms exceeded.
Call log:
  - waiting for locator("".ui-widget-overlay"").first to be hidden
    10 × locator resolved to visible <div class=""ui-widget-overlay ui-front""></div>
"
20260629_104706;RELATORIO_08_LucasRamos_P9;8;LucasRamos;P9;1;9;LOCATOR_WAIT_FOR;2026-06-29 10:48:49;2026-06-29 10:48:49;0,012;OK;Locator.wait_for;
20260629_104706;RELATORIO_08_LucasRamos_P9;8;LucasRamos;P9;1;9;LOCATOR_WAIT_FOR;2026-06-29 10:48:49;2026-06-29 10:48:49;0,013;OK;Locator.wait_for;
20260629_104706;RELATORIO_08_LucasRamos_P9;8;LucasRamos;P9;1;9;PAGE_WAIT_TIMEOUT;2026-06-29 10:48:49;2026-06-29 10:48:49;0,453;OK;Page.wait_for_timeout | OTIMIZADO: wait_for_timeout reduzido de 1200ms para 450ms;
20260629_104706;RELATORIO_08_LucasRamos_P9;8;LucasRamos;P9;1;9;LOCATOR_WAIT_FOR;2026-06-29 10:48:49;2026-06-29 10:48:49;0,012;OK;Locator.wait_for;
20260629_104706;RELATORIO_08_LucasRamos_P9;8;LucasRamos;P9;1;9;LOCATOR_WAIT_FOR;2026-06-29 10:48:49;2026-06-29 10:48:49;0,008;OK;Locator.wait_for;
20260629_104706;RELATORIO_08_LucasRamos_P9;8;LucasRamos;P9;1;9;LOCATOR_WAIT_FOR;2026-06-29 10:48:49;2026-06-29 10:48:49;0,009;OK;Locator.wait_for;
20260629_104706;RELATORIO_08_LucasRamos_P9;8;LucasRamos;P9;1;9;LOCATOR_WAIT_FOR;2026-06-29 10:48:49;2026-06-29 10:48:50;1,004;ERRO;Locator.wait_for | OTIMIZADO: overlay APEX: timeout reduzido de 8000ms para 1000ms;"TimeoutError: Locator.wait_for: Timeout 1000ms exceeded.
Call log:
  - waiting for locator("".ui-widget-overlay"").first to be hidden
    11 × locator resolved to visible <div class=""ui-widget-overlay ui-front""></div>
"
20260629_104706;RELATORIO_08_LucasRamos_P9;8;LucasRamos;P9;1;9;LOCATOR_INNER_TEXT;2026-06-29 10:48:50;2026-06-29 10:48:50;0,032;OK;Locator.inner_text;
20260629_104706;RELATORIO_08_LucasRamos_P9;8;LucasRamos;P9;1;9;LOCATOR_IS_VISIBLE;2026-06-29 10:48:50;2026-06-29 10:48:50;0,021;OK;Locator.is_visible;
20260629_104706;RELATORIO_08_LucasRamos_P9;8;LucasRamos;P9;1;9;LOCATOR_CLICK;2026-06-29 10:48:50;2026-06-29 10:48:51;0,114;OK;Locator.click;
20260629_104706;RELATORIO_08_LucasRamos_P9;8;LucasRamos;P9;1;9;PAGE_WAIT_TIMEOUT;2026-06-29 10:48:51;2026-06-29 10:48:51;0,453;OK;Page.wait_for_timeout | OTIMIZADO: wait_for_timeout reduzido de 2500ms para 450ms;
20260629_104706;RELATORIO_08_LucasRamos_P9;8;LucasRamos;P9;1;9;LOCATOR_WAIT_FOR;2026-06-29 10:48:51;2026-06-29 10:48:51;0,009;OK;Locator.wait_for;
20260629_104706;RELATORIO_08_LucasRamos_P9;8;LucasRamos;P9;1;9;LOCATOR_WAIT_FOR;2026-06-29 10:48:51;2026-06-29 10:48:51;0,006;OK;Locator.wait_for;
20260629_104706;RELATORIO_08_LucasRamos_P9;8;LucasRamos;P9;1;9;LOCATOR_WAIT_FOR;2026-06-29 10:48:51;2026-06-29 10:48:51;0,006;OK;Locator.wait_for;
20260629_104706;RELATORIO_08_LucasRamos_P9;8;LucasRamos;P9;1;9;LOCATOR_WAIT_FOR;2026-06-29 10:48:51;2026-06-29 10:48:52;1,003;ERRO;Locator.wait_for | OTIMIZADO: overlay APEX: timeout reduzido de 8000ms para 1000ms;"TimeoutError: Locator.wait_for: Timeout 1000ms exceeded.
Call log:
  - waiting for locator("".ui-widget-overlay"").first to be hidden
    6 × locator resolved to visible <div class=""ui-widget-overlay ui-front""></div>
"
20260629_104706;RELATORIO_08_LucasRamos_P9;8;LucasRamos;P9;1;9;LOCATOR_WAIT_FOR;2026-06-29 10:48:52;2026-06-29 10:48:52;0,017;OK;Locator.wait_for;
20260629_104706;RELATORIO_08_LucasRamos_P9;8;LucasRamos;P9;1;9;LOCATOR_WAIT_FOR;2026-06-29 10:48:52;2026-06-29 10:48:52;0,019;OK;Locator.wait_for;
20260629_104706;RELATORIO_08_LucasRamos_P9;8;LucasRamos;P9;1;9;LOCATOR_CLICK;2026-06-29 10:48:52;2026-06-29 10:48:52;0,177;OK;Locator.click;
20260629_104706;RELATORIO_08_LucasRamos_P9;8;LucasRamos;P9;1;9;PAGE_WAIT_TIMEOUT;2026-06-29 10:48:52;2026-06-29 10:48:53;0,453;OK;Page.wait_for_timeout | OTIMIZADO: wait_for_timeout reduzido de 1200ms para 450ms;
20260629_104706;RELATORIO_08_LucasRamos_P9;8;LucasRamos;P9;1;9;LOCATOR_CLICK;2026-06-29 10:48:53;2026-06-29 10:48:53;0,266;OK;Locator.click;
20260629_104706;RELATORIO_08_LucasRamos_P9;8;LucasRamos;P9;1;9;PAGE_WAIT_TIMEOUT;2026-06-29 10:48:53;2026-06-29 10:48:53;0,455;OK;Page.wait_for_timeout | OTIMIZADO: wait_for_timeout reduzido de 1200ms para 450ms;
20260629_104706;RELATORIO_08_LucasRamos_P9;8;LucasRamos;P9;1;9;PAGE_PREPARAR_EXPECT_DOWNLOAD;2026-06-29 10:48:53;2026-06-29 10:48:53;0,006;OK;Page.expect_download;
20260629_104706;RELATORIO_08_LucasRamos_P9;8;LucasRamos;P9;1;9;LOCATOR_CLICK;2026-06-29 10:48:53;2026-06-29 10:48:54;0,139;OK;Locator.click;
20260629_104706;RELATORIO_08_LucasRamos_P9;8;LucasRamos;P9;1;9;DOWNLOAD_SAVE_AS;2026-06-29 10:48:54;2026-06-29 10:48:54;0,234;OK;Download.save_as;
20260629_104706;RELATORIO_08_LucasRamos_P9;8;LucasRamos;P9;1;9;LOCATOR_CLICK;2026-06-29 10:48:54;2026-06-29 10:48:54;0,07;OK;Locator.click;
20260629_104706;RELATORIO_08_LucasRamos_P9;8;LucasRamos;P9;1;9;PAGE_WAIT_TIMEOUT;2026-06-29 10:48:54;2026-06-29 10:48:55;0,454;OK;Page.wait_for_timeout | OTIMIZADO: wait_for_timeout reduzido de 1000ms para 450ms;
20260629_104706;RELATORIO_08_LucasRamos_P9;8;LucasRamos;P9;1;9;LOCATOR_CLICK;2026-06-29 10:48:55;2026-06-29 10:48:55;0,081;OK;Locator.click;
20260629_104706;RELATORIO_08_LucasRamos_P9;8;LucasRamos;P9;1;9;PAGE_WAIT_TIMEOUT;2026-06-29 10:48:55;2026-06-29 10:48:55;0,452;OK;Page.wait_for_timeout | OTIMIZADO: wait_for_timeout reduzido de 1000ms para 450ms;
20260629_104706;RELATORIO_08_LucasRamos_P9;8;LucasRamos;P9;1;9;PAGE_WAIT_TIMEOUT;2026-06-29 10:48:55;2026-06-29 10:48:56;0,455;OK;Page.wait_for_timeout | OTIMIZADO: wait_for_timeout reduzido de 500ms para 450ms;
20260629_104706;RELATORIO_08_LucasRamos_P9;8;LucasRamos;P9;1;9;LOCATOR_WAIT_FOR;2026-06-29 10:48:56;2026-06-29 10:48:56;0,009;OK;Locator.wait_for;
20260629_104706;RELATORIO_08_LucasRamos_P9;8;LucasRamos;P9;1;9;LOCATOR_WAIT_FOR;2026-06-29 10:48:56;2026-06-29 10:48:56;0,005;OK;Locator.wait_for;
20260629_104706;RELATORIO_08_LucasRamos_P9;8;LucasRamos;P9;1;9;LOCATOR_WAIT_FOR;2026-06-29 10:48:56;2026-06-29 10:48:56;0,009;OK;Locator.wait_for;
20260629_104706;RELATORIO_08_LucasRamos_P9;8;LucasRamos;P9;1;9;LOCATOR_WAIT_FOR;2026-06-29 10:48:56;2026-06-29 10:48:56;0,008;OK;Locator.wait_for | OTIMIZADO: overlay APEX: timeout reduzido de 8000ms para 1000ms;
20260629_104706;RELATORIO_08_LucasRamos_P9;8;LucasRamos;P9;1;9;PAGE_WAIT_TIMEOUT;2026-06-29 10:48:56;2026-06-29 10:48:56;0,454;OK;Page.wait_for_timeout | OTIMIZADO: wait_for_timeout reduzido de 1500ms para 450ms;
20260629_104706;RELATORIO_08_LucasRamos_P9;8;LucasRamos;P9;1;9;LOCATOR_WAIT_FOR;2026-06-29 10:48:56;2026-06-29 10:48:56;0,055;OK;Locator.wait_for;
20260629_104706;RELATORIO_08_LucasRamos_P9;8;LucasRamos;P9;1;9;LOCATOR_CLICK;2026-06-29 10:48:56;2026-06-29 10:48:56;0,131;OK;Locator.click;
20260629_104706;RELATORIO_08_LucasRamos_P9;8;LucasRamos;P9;1;9;PAGE_WAIT_TIMEOUT;2026-06-29 10:48:56;2026-06-29 10:48:57;0,453;OK;Page.wait_for_timeout | OTIMIZADO: wait_for_timeout reduzido de 2500ms para 450ms;
20260629_104706;RELATORIO_08_LucasRamos_P9;8;LucasRamos;P9;1;9;LOCATOR_WAIT_FOR;2026-06-29 10:48:57;2026-06-29 10:48:57;0,033;OK;Locator.wait_for;
20260629_104706;RELATORIO_08_LucasRamos_P9;8;LucasRamos;P9;1;9;LOCATOR_WAIT_FOR;2026-06-29 10:48:57;2026-06-29 10:48:57;0,196;OK;Locator.wait_for;
20260629_104706;RELATORIO_08_LucasRamos_P9;8;LucasRamos;P9;1;9;LOCATOR_WAIT_FOR;2026-06-29 10:48:57;2026-06-29 10:48:57;0,019;OK;Locator.wait_for;
20260629_104706;RELATORIO_08_LucasRamos_P9;8;LucasRamos;P9;1;9;LOCATOR_WAIT_FOR;2026-06-29 10:48:57;2026-06-29 10:48:58;1,003;ERRO;Locator.wait_for | OTIMIZADO: overlay APEX: timeout reduzido de 8000ms para 1000ms;"TimeoutError: Locator.wait_for: Timeout 1000ms exceeded.
Call log:
  - waiting for locator("".ui-widget-overlay"").first to be hidden
    9 × locator resolved to visible <div class=""ui-widget-overlay ui-front""></div>
"
20260629_104706;RELATORIO_08_LucasRamos_P9;8;LucasRamos;P9;1;9;LOCATOR_WAIT_FOR;2026-06-29 10:48:58;2026-06-29 10:48:58;0,011;OK;Locator.wait_for;
20260629_104706;RELATORIO_08_LucasRamos_P9;8;LucasRamos;P9;1;9;LOCATOR_WAIT_FOR;2026-06-29 10:48:58;2026-06-29 10:48:58;0,011;OK;Locator.wait_for;
20260629_104706;RELATORIO_08_LucasRamos_P9;8;LucasRamos;P9;1;9;PAGE_WAIT_TIMEOUT;2026-06-29 10:48:58;2026-06-29 10:48:59;0,454;OK;Page.wait_for_timeout | OTIMIZADO: wait_for_timeout reduzido de 1200ms para 450ms;
20260629_104706;RELATORIO_08_LucasRamos_P9;8;LucasRamos;P9;1;9;LOCATOR_WAIT_FOR;2026-06-29 10:48:59;2026-06-29 10:48:59;0,007;OK;Locator.wait_for;
20260629_104706;RELATORIO_08_LucasRamos_P9;8;LucasRamos;P9;1;9;LOCATOR_WAIT_FOR;2026-06-29 10:48:59;2026-06-29 10:48:59;0,007;OK;Locator.wait_for;
20260629_104706;RELATORIO_08_LucasRamos_P9;8;LucasRamos;P9;1;9;LOCATOR_WAIT_FOR;2026-06-29 10:48:59;2026-06-29 10:48:59;0,008;OK;Locator.wait_for;
20260629_104706;RELATORIO_08_LucasRamos_P9;8;LucasRamos;P9;1;9;LOCATOR_WAIT_FOR;2026-06-29 10:48:59;2026-06-29 10:49:00;1,003;ERRO;Locator.wait_for | OTIMIZADO: overlay APEX: timeout reduzido de 8000ms para 1000ms;"TimeoutError: Locator.wait_for: Timeout 1000ms exceeded.
Call log:
  - waiting for locator("".ui-widget-overlay"").first to be hidden
    11 × locator resolved to visible <div class=""ui-widget-overlay ui-front""></div>
"
20260629_104706;RELATORIO_08_LucasRamos_P9;8;LucasRamos;P9;1;9;LOCATOR_INNER_TEXT;2026-06-29 10:49:00;2026-06-29 10:49:00;0,026;OK;Locator.inner_text;
20260629_104706;RELATORIO_08_LucasRamos_P9;8;LucasRamos;P9;1;9;LOCATOR_IS_VISIBLE;2026-06-29 10:49:00;2026-06-29 10:49:00;0,014;OK;Locator.is_visible;
20260629_104706;RELATORIO_08_LucasRamos_P9;8;LucasRamos;P9;1;9;LOCATOR_CLICK;2026-06-29 10:49:00;2026-06-29 10:49:00;0,136;OK;Locator.click;
20260629_104706;RELATORIO_08_LucasRamos_P9;8;LucasRamos;P9;1;9;PAGE_WAIT_TIMEOUT;2026-06-29 10:49:00;2026-06-29 10:49:00;0,456;OK;Page.wait_for_timeout | OTIMIZADO: wait_for_timeout reduzido de 2500ms para 450ms;
20260629_104706;RELATORIO_08_LucasRamos_P9;8;LucasRamos;P9;1;9;LOCATOR_WAIT_FOR;2026-06-29 10:49:00;2026-06-29 10:49:00;0,009;OK;Locator.wait_for;
20260629_104706;RELATORIO_08_LucasRamos_P9;8;LucasRamos;P9;1;9;LOCATOR_WAIT_FOR;2026-06-29 10:49:00;2026-06-29 10:49:00;0,008;OK;Locator.wait_for;
20260629_104706;RELATORIO_08_LucasRamos_P9;8;LucasRamos;P9;1;9;LOCATOR_WAIT_FOR;2026-06-29 10:49:00;2026-06-29 10:49:00;0,009;OK;Locator.wait_for;
20260629_104706;RELATORIO_08_LucasRamos_P9;8;LucasRamos;P9;1;9;LOCATOR_WAIT_FOR;2026-06-29 10:49:00;2026-06-29 10:49:01;1,003;ERRO;Locator.wait_for | OTIMIZADO: overlay APEX: timeout reduzido de 8000ms para 1000ms;"TimeoutError: Locator.wait_for: Timeout 1000ms exceeded.
Call log:
  - waiting for locator("".ui-widget-overlay"").first to be hidden
    10 × locator resolved to visible <div class=""ui-widget-overlay ui-front""></div>
"
20260629_104706;RELATORIO_08_LucasRamos_P9;8;LucasRamos;P9;1;9;LOCATOR_WAIT_FOR;2026-06-29 10:49:01;2026-06-29 10:49:01;0,014;OK;Locator.wait_for;
20260629_104706;RELATORIO_08_LucasRamos_P9;8;LucasRamos;P9;1;9;LOCATOR_WAIT_FOR;2026-06-29 10:49:01;2026-06-29 10:49:01;0,011;OK;Locator.wait_for;
20260629_104706;RELATORIO_08_LucasRamos_P9;8;LucasRamos;P9;1;9;LOCATOR_CLICK;2026-06-29 10:49:01;2026-06-29 10:49:03;1,256;OK;Locator.click;
20260629_104706;RELATORIO_08_LucasRamos_P9;8;LucasRamos;P9;1;9;PAGE_WAIT_TIMEOUT;2026-06-29 10:49:03;2026-06-29 10:49:03;0,453;OK;Page.wait_for_timeout | OTIMIZADO: wait_for_timeout reduzido de 1200ms para 450ms;
20260629_104706;RELATORIO_08_LucasRamos_P9;8;LucasRamos;P9;1;9;LOCATOR_CLICK;2026-06-29 10:49:03;2026-06-29 10:49:03;0,225;OK;Locator.click;
20260629_104706;RELATORIO_08_LucasRamos_P9;8;LucasRamos;P9;1;9;PAGE_WAIT_TIMEOUT;2026-06-29 10:49:03;2026-06-29 10:49:04;0,455;OK;Page.wait_for_timeout | OTIMIZADO: wait_for_timeout reduzido de 1200ms para 450ms;
20260629_104706;RELATORIO_08_LucasRamos_P9;8;LucasRamos;P9;1;9;PAGE_PREPARAR_EXPECT_DOWNLOAD;2026-06-29 10:49:04;2026-06-29 10:49:04;0,003;OK;Page.expect_download;
20260629_104706;RELATORIO_08_LucasRamos_P9;8;LucasRamos;P9;1;9;LOCATOR_CLICK;2026-06-29 10:49:04;2026-06-29 10:49:04;0,155;OK;Locator.click;
20260629_104706;RELATORIO_08_LucasRamos_P9;8;LucasRamos;P9;1;9;DOWNLOAD_SAVE_AS;2026-06-29 10:49:05;2026-06-29 10:49:05;0,233;OK;Download.save_as;
20260629_104706;RELATORIO_08_LucasRamos_P9;8;LucasRamos;P9;1;9;LOCATOR_CLICK;2026-06-29 10:49:05;2026-06-29 10:49:05;0,081;OK;Locator.click;
20260629_104706;RELATORIO_08_LucasRamos_P9;8;LucasRamos;P9;1;9;PAGE_WAIT_TIMEOUT;2026-06-29 10:49:05;2026-06-29 10:49:05;0,453;OK;Page.wait_for_timeout | OTIMIZADO: wait_for_timeout reduzido de 1000ms para 450ms;
20260629_104706;RELATORIO_08_LucasRamos_P9;8;LucasRamos;P9;1;9;LOCATOR_CLICK;2026-06-29 10:49:05;2026-06-29 10:49:05;0,075;OK;Locator.click;
20260629_104706;RELATORIO_08_LucasRamos_P9;8;LucasRamos;P9;1;9;PAGE_WAIT_TIMEOUT;2026-06-29 10:49:05;2026-06-29 10:49:06;0,454;OK;Page.wait_for_timeout | OTIMIZADO: wait_for_timeout reduzido de 1000ms para 450ms;
20260629_104706;RELATORIO_08_LucasRamos_P9;8;LucasRamos;P9;1;9;PAGE_WAIT_TIMEOUT;2026-06-29 10:49:06;2026-06-29 10:49:06;0,452;OK;Page.wait_for_timeout | OTIMIZADO: wait_for_timeout reduzido de 500ms para 450ms;
20260629_104706;RELATORIO_08_LucasRamos_P9;8;LucasRamos;P9;1;9;LOCATOR_WAIT_FOR;2026-06-29 10:49:06;2026-06-29 10:49:06;0,009;OK;Locator.wait_for;
20260629_104706;RELATORIO_08_LucasRamos_P9;8;LucasRamos;P9;1;9;LOCATOR_WAIT_FOR;2026-06-29 10:49:06;2026-06-29 10:49:06;0,009;OK;Locator.wait_for;
20260629_104706;RELATORIO_08_LucasRamos_P9;8;LucasRamos;P9;1;9;LOCATOR_WAIT_FOR;2026-06-29 10:49:06;2026-06-29 10:49:06;0,008;OK;Locator.wait_for;
20260629_104706;RELATORIO_08_LucasRamos_P9;8;LucasRamos;P9;1;9;LOCATOR_WAIT_FOR;2026-06-29 10:49:06;2026-06-29 10:49:06;0,009;OK;Locator.wait_for | OTIMIZADO: overlay APEX: timeout reduzido de 8000ms para 1000ms;
20260629_104706;RELATORIO_08_LucasRamos_P9;8;LucasRamos;P9;1;9;PAGE_WAIT_TIMEOUT;2026-06-29 10:49:06;2026-06-29 10:49:07;0,452;OK;Page.wait_for_timeout | OTIMIZADO: wait_for_timeout reduzido de 1500ms para 450ms;
20260629_104706;RELATORIO_08_LucasRamos_P9;8;LucasRamos;P9;1;9;LOCATOR_WAIT_FOR;2026-06-29 10:49:07;2026-06-29 10:49:07;0,054;OK;Locator.wait_for;
20260629_104706;RELATORIO_08_LucasRamos_P9;8;LucasRamos;P9;1;9;LOCATOR_CLICK;2026-06-29 10:49:07;2026-06-29 10:49:07;0,169;OK;Locator.click;
20260629_104706;RELATORIO_08_LucasRamos_P9;8;LucasRamos;P9;1;9;PAGE_WAIT_TIMEOUT;2026-06-29 10:49:07;2026-06-29 10:49:08;0,455;OK;Page.wait_for_timeout | OTIMIZADO: wait_for_timeout reduzido de 2500ms para 450ms;
20260629_104706;RELATORIO_08_LucasRamos_P9;8;LucasRamos;P9;1;9;LOCATOR_WAIT_FOR;2026-06-29 10:49:08;2026-06-29 10:49:08;0,152;OK;Locator.wait_for;
20260629_104706;RELATORIO_08_LucasRamos_P9;8;LucasRamos;P9;1;9;LOCATOR_WAIT_FOR;2026-06-29 10:49:08;2026-06-29 10:49:08;0,012;OK;Locator.wait_for;
20260629_104706;RELATORIO_08_LucasRamos_P9;8;LucasRamos;P9;1;9;LOCATOR_WAIT_FOR;2026-06-29 10:49:08;2026-06-29 10:49:08;0,016;OK;Locator.wait_for;
20260629_104706;RELATORIO_08_LucasRamos_P9;8;LucasRamos;P9;1;9;LOCATOR_WAIT_FOR;2026-06-29 10:49:08;2026-06-29 10:49:09;1,002;ERRO;Locator.wait_for | OTIMIZADO: overlay APEX: timeout reduzido de 8000ms para 1000ms;"TimeoutError: Locator.wait_for: Timeout 1000ms exceeded.
Call log:
  - waiting for locator("".ui-widget-overlay"").first to be hidden
    10 × locator resolved to visible <div class=""ui-widget-overlay ui-front""></div>
"
20260629_104706;RELATORIO_08_LucasRamos_P9;8;LucasRamos;P9;1;9;LOCATOR_WAIT_FOR;2026-06-29 10:49:09;2026-06-29 10:49:09;0,014;OK;Locator.wait_for;
20260629_104706;RELATORIO_08_LucasRamos_P9;8;LucasRamos;P9;1;9;LOCATOR_WAIT_FOR;2026-06-29 10:49:09;2026-06-29 10:49:09;0,014;OK;Locator.wait_for;
20260629_104706;RELATORIO_08_LucasRamos_P9;8;LucasRamos;P9;1;9;PAGE_WAIT_TIMEOUT;2026-06-29 10:49:09;2026-06-29 10:49:09;0,454;OK;Page.wait_for_timeout | OTIMIZADO: wait_for_timeout reduzido de 1200ms para 450ms;
20260629_104706;RELATORIO_08_LucasRamos_P9;8;LucasRamos;P9;1;9;LOCATOR_WAIT_FOR;2026-06-29 10:49:09;2026-06-29 10:49:09;0,008;OK;Locator.wait_for;
20260629_104706;RELATORIO_08_LucasRamos_P9;8;LucasRamos;P9;1;9;LOCATOR_WAIT_FOR;2026-06-29 10:49:09;2026-06-29 10:49:09;0,008;OK;Locator.wait_for;
20260629_104706;RELATORIO_08_LucasRamos_P9;8;LucasRamos;P9;1;9;LOCATOR_WAIT_FOR;2026-06-29 10:49:09;2026-06-29 10:49:09;0,008;OK;Locator.wait_for;
20260629_104706;RELATORIO_08_LucasRamos_P9;8;LucasRamos;P9;1;9;LOCATOR_WAIT_FOR;2026-06-29 10:49:09;2026-06-29 10:49:10;1,001;ERRO;Locator.wait_for | OTIMIZADO: overlay APEX: timeout reduzido de 8000ms para 1000ms;"TimeoutError: Locator.wait_for: Timeout 1000ms exceeded.
Call log:
  - waiting for locator("".ui-widget-overlay"").first to be hidden
    11 × locator resolved to visible <div class=""ui-widget-overlay ui-front""></div>
"
20260629_104706;RELATORIO_08_LucasRamos_P9;8;LucasRamos;P9;1;9;LOCATOR_INNER_TEXT;2026-06-29 10:49:10;2026-06-29 10:49:10;0,034;OK;Locator.inner_text;
20260629_104706;RELATORIO_08_LucasRamos_P9;8;LucasRamos;P9;1;9;LOCATOR_IS_VISIBLE;2026-06-29 10:49:10;2026-06-29 10:49:10;0,02;OK;Locator.is_visible;
20260629_104706;RELATORIO_08_LucasRamos_P9;8;LucasRamos;P9;1;9;LOCATOR_CLICK;2026-06-29 10:49:10;2026-06-29 10:49:11;0,135;OK;Locator.click;
20260629_104706;RELATORIO_08_LucasRamos_P9;8;LucasRamos;P9;1;9;PAGE_WAIT_TIMEOUT;2026-06-29 10:49:11;2026-06-29 10:49:11;0,453;OK;Page.wait_for_timeout | OTIMIZADO: wait_for_timeout reduzido de 2500ms para 450ms;
20260629_104706;RELATORIO_08_LucasRamos_P9;8;LucasRamos;P9;1;9;LOCATOR_WAIT_FOR;2026-06-29 10:49:11;2026-06-29 10:49:11;0,01;OK;Locator.wait_for;
20260629_104706;RELATORIO_08_LucasRamos_P9;8;LucasRamos;P9;1;9;LOCATOR_WAIT_FOR;2026-06-29 10:49:11;2026-06-29 10:49:11;0,009;OK;Locator.wait_for;
20260629_104706;RELATORIO_08_LucasRamos_P9;8;LucasRamos;P9;1;9;LOCATOR_WAIT_FOR;2026-06-29 10:49:11;2026-06-29 10:49:11;0,008;OK;Locator.wait_for;
20260629_104706;RELATORIO_08_LucasRamos_P9;8;LucasRamos;P9;1;9;LOCATOR_WAIT_FOR;2026-06-29 10:49:11;2026-06-29 10:49:12;1,004;ERRO;Locator.wait_for | OTIMIZADO: overlay APEX: timeout reduzido de 8000ms para 1000ms;"TimeoutError: Locator.wait_for: Timeout 1000ms exceeded.
Call log:
  - waiting for locator("".ui-widget-overlay"").first to be hidden
    5 × locator resolved to visible <div class=""ui-widget-overlay ui-front""></div>
"
20260629_104706;RELATORIO_08_LucasRamos_P9;8;LucasRamos;P9;1;9;LOCATOR_WAIT_FOR;2026-06-29 10:49:12;2026-06-29 10:49:12;0,036;OK;Locator.wait_for;
20260629_104706;RELATORIO_08_LucasRamos_P9;8;LucasRamos;P9;1;9;LOCATOR_WAIT_FOR;2026-06-29 10:49:12;2026-06-29 10:49:12;0,013;OK;Locator.wait_for;
20260629_104706;RELATORIO_08_LucasRamos_P9;8;LucasRamos;P9;1;9;LOCATOR_CLICK;2026-06-29 10:49:12;2026-06-29 10:49:12;0,187;OK;Locator.click;
20260629_104706;RELATORIO_08_LucasRamos_P9;8;LucasRamos;P9;1;9;PAGE_WAIT_TIMEOUT;2026-06-29 10:49:12;2026-06-29 10:49:13;0,453;OK;Page.wait_for_timeout | OTIMIZADO: wait_for_timeout reduzido de 1200ms para 450ms;
20260629_104706;RELATORIO_08_LucasRamos_P9;8;LucasRamos;P9;1;9;LOCATOR_CLICK;2026-06-29 10:49:13;2026-06-29 10:49:13;0,245;OK;Locator.click;
20260629_104706;RELATORIO_08_LucasRamos_P9;8;LucasRamos;P9;1;9;PAGE_WAIT_TIMEOUT;2026-06-29 10:49:13;2026-06-29 10:49:13;0,453;OK;Page.wait_for_timeout | OTIMIZADO: wait_for_timeout reduzido de 1200ms para 450ms;
20260629_104706;RELATORIO_08_LucasRamos_P9;8;LucasRamos;P9;1;9;PAGE_PREPARAR_EXPECT_DOWNLOAD;2026-06-29 10:49:13;2026-06-29 10:49:13;0,002;OK;Page.expect_download;
20260629_104706;RELATORIO_08_LucasRamos_P9;8;LucasRamos;P9;1;9;LOCATOR_CLICK;2026-06-29 10:49:13;2026-06-29 10:49:14;0,156;OK;Locator.click;
20260629_104706;RELATORIO_08_LucasRamos_P9;8;LucasRamos;P9;1;9;DOWNLOAD_SAVE_AS;2026-06-29 10:49:14;2026-06-29 10:49:14;0,238;OK;Download.save_as;
20260629_104706;RELATORIO_08_LucasRamos_P9;8;LucasRamos;P9;1;9;LOCATOR_CLICK;2026-06-29 10:49:14;2026-06-29 10:49:14;0,079;OK;Locator.click;
20260629_104706;RELATORIO_08_LucasRamos_P9;8;LucasRamos;P9;1;9;PAGE_WAIT_TIMEOUT;2026-06-29 10:49:14;2026-06-29 10:49:15;0,454;OK;Page.wait_for_timeout | OTIMIZADO: wait_for_timeout reduzido de 1000ms para 450ms;
20260629_104706;RELATORIO_08_LucasRamos_P9;8;LucasRamos;P9;1;9;LOCATOR_CLICK;2026-06-29 10:49:15;2026-06-29 10:49:15;0,095;OK;Locator.click;
20260629_104706;RELATORIO_08_LucasRamos_P9;8;LucasRamos;P9;1;9;PAGE_WAIT_TIMEOUT;2026-06-29 10:49:15;2026-06-29 10:49:15;0,454;OK;Page.wait_for_timeout | OTIMIZADO: wait_for_timeout reduzido de 1000ms para 450ms;
20260629_104706;RELATORIO_08_LucasRamos_P9;8;LucasRamos;P9;1;9;PAGE_WAIT_TIMEOUT;2026-06-29 10:49:15;2026-06-29 10:49:16;0,454;OK;Page.wait_for_timeout | OTIMIZADO: wait_for_timeout reduzido de 500ms para 450ms;
20260629_104706;RELATORIO_08_LucasRamos_P9;8;LucasRamos;P9;1;9;LOCATOR_WAIT_FOR;2026-06-29 10:49:16;2026-06-29 10:49:16;0,009;OK;Locator.wait_for;
20260629_104706;RELATORIO_08_LucasRamos_P9;8;LucasRamos;P9;1;9;LOCATOR_WAIT_FOR;2026-06-29 10:49:16;2026-06-29 10:49:16;0,012;OK;Locator.wait_for;
20260629_104706;RELATORIO_08_LucasRamos_P9;8;LucasRamos;P9;1;9;LOCATOR_WAIT_FOR;2026-06-29 10:49:16;2026-06-29 10:49:16;0,008;OK;Locator.wait_for;
20260629_104706;RELATORIO_08_LucasRamos_P9;8;LucasRamos;P9;1;9;LOCATOR_WAIT_FOR;2026-06-29 10:49:16;2026-06-29 10:49:16;0,009;OK;Locator.wait_for | OTIMIZADO: overlay APEX: timeout reduzido de 8000ms para 1000ms;
20260629_104706;RELATORIO_08_LucasRamos_P9;8;LucasRamos;P9;1;9;PAGE_WAIT_TIMEOUT;2026-06-29 10:49:16;2026-06-29 10:49:16;0,453;OK;Page.wait_for_timeout | OTIMIZADO: wait_for_timeout reduzido de 1500ms para 450ms;
20260629_104706;RELATORIO_08_LucasRamos_P9;8;LucasRamos;P9;1;9;LOCATOR_WAIT_FOR;2026-06-29 10:49:16;2026-06-29 10:49:16;0,023;OK;Locator.wait_for;
20260629_104706;RELATORIO_08_LucasRamos_P9;8;LucasRamos;P9;1;9;LOCATOR_CLICK;2026-06-29 10:49:16;2026-06-29 10:49:16;0,105;OK;Locator.click;
20260629_104706;RELATORIO_08_LucasRamos_P9;8;LucasRamos;P9;1;9;PAGE_WAIT_TIMEOUT;2026-06-29 10:49:16;2026-06-29 10:49:17;0,453;OK;Page.wait_for_timeout | OTIMIZADO: wait_for_timeout reduzido de 2500ms para 450ms;
20260629_104706;RELATORIO_08_LucasRamos_P9;8;LucasRamos;P9;1;9;LOCATOR_WAIT_FOR;2026-06-29 10:49:17;2026-06-29 10:49:17;0,028;OK;Locator.wait_for;
20260629_104706;RELATORIO_08_LucasRamos_P9;8;LucasRamos;P9;1;9;LOCATOR_WAIT_FOR;2026-06-29 10:49:17;2026-06-29 10:49:17;0,03;OK;Locator.wait_for;
20260629_104706;RELATORIO_08_LucasRamos_P9;8;LucasRamos;P9;1;9;LOCATOR_WAIT_FOR;2026-06-29 10:49:17;2026-06-29 10:49:17;0,151;OK;Locator.wait_for;
20260629_104706;RELATORIO_08_LucasRamos_P9;8;LucasRamos;P9;1;9;LOCATOR_WAIT_FOR;2026-06-29 10:49:17;2026-06-29 10:49:18;1,001;ERRO;Locator.wait_for | OTIMIZADO: overlay APEX: timeout reduzido de 8000ms para 1000ms;"TimeoutError: Locator.wait_for: Timeout 1000ms exceeded.
Call log:
  - waiting for locator("".ui-widget-overlay"").first to be hidden
    9 × locator resolved to visible <div class=""ui-widget-overlay ui-front""></div>
"
20260629_104706;RELATORIO_08_LucasRamos_P9;8;LucasRamos;P9;1;9;LOCATOR_WAIT_FOR;2026-06-29 10:49:18;2026-06-29 10:49:18;0,01;OK;Locator.wait_for;
20260629_104706;RELATORIO_08_LucasRamos_P9;8;LucasRamos;P9;1;9;LOCATOR_WAIT_FOR;2026-06-29 10:49:18;2026-06-29 10:49:18;0,012;OK;Locator.wait_for;
20260629_104706;RELATORIO_08_LucasRamos_P9;8;LucasRamos;P9;1;9;PAGE_WAIT_TIMEOUT;2026-06-29 10:49:18;2026-06-29 10:49:18;0,452;OK;Page.wait_for_timeout | OTIMIZADO: wait_for_timeout reduzido de 1200ms para 450ms;
20260629_104706;RELATORIO_08_LucasRamos_P9;8;LucasRamos;P9;1;9;LOCATOR_WAIT_FOR;2026-06-29 10:49:18;2026-06-29 10:49:18;0,007;OK;Locator.wait_for;
20260629_104706;RELATORIO_08_LucasRamos_P9;8;LucasRamos;P9;1;9;LOCATOR_WAIT_FOR;2026-06-29 10:49:18;2026-06-29 10:49:18;0,005;OK;Locator.wait_for;
20260629_104706;RELATORIO_08_LucasRamos_P9;8;LucasRamos;P9;1;9;LOCATOR_WAIT_FOR;2026-06-29 10:49:18;2026-06-29 10:49:18;0,007;OK;Locator.wait_for;
20260629_104706;RELATORIO_08_LucasRamos_P9;8;LucasRamos;P9;1;9;LOCATOR_WAIT_FOR;2026-06-29 10:49:18;2026-06-29 10:49:19;1,005;ERRO;Locator.wait_for | OTIMIZADO: overlay APEX: timeout reduzido de 8000ms para 1000ms;"TimeoutError: Locator.wait_for: Timeout 1000ms exceeded.
Call log:
  - waiting for locator("".ui-widget-overlay"").first to be hidden
    11 × locator resolved to visible <div class=""ui-widget-overlay ui-front""></div>
"
20260629_104706;RELATORIO_08_LucasRamos_P9;8;LucasRamos;P9;1;9;LOCATOR_INNER_TEXT;2026-06-29 10:49:19;2026-06-29 10:49:19;0,035;OK;Locator.inner_text;
20260629_104706;RELATORIO_08_LucasRamos_P9;8;LucasRamos;P9;1;9;LOCATOR_IS_VISIBLE;2026-06-29 10:49:20;2026-06-29 10:49:20;0,022;OK;Locator.is_visible;
20260629_104706;RELATORIO_08_LucasRamos_P9;8;LucasRamos;P9;1;9;LOCATOR_CLICK;2026-06-29 10:49:20;2026-06-29 10:49:20;0,126;OK;Locator.click;
20260629_104706;RELATORIO_08_LucasRamos_P9;8;LucasRamos;P9;1;9;PAGE_WAIT_TIMEOUT;2026-06-29 10:49:20;2026-06-29 10:49:20;0,454;OK;Page.wait_for_timeout | OTIMIZADO: wait_for_timeout reduzido de 2500ms para 450ms;
20260629_104706;RELATORIO_08_LucasRamos_P9;8;LucasRamos;P9;1;9;LOCATOR_WAIT_FOR;2026-06-29 10:49:20;2026-06-29 10:49:20;0,008;OK;Locator.wait_for;
20260629_104706;RELATORIO_08_LucasRamos_P9;8;LucasRamos;P9;1;9;LOCATOR_WAIT_FOR;2026-06-29 10:49:20;2026-06-29 10:49:20;0,008;OK;Locator.wait_for;
20260629_104706;RELATORIO_08_LucasRamos_P9;8;LucasRamos;P9;1;9;LOCATOR_WAIT_FOR;2026-06-29 10:49:20;2026-06-29 10:49:20;0,009;OK;Locator.wait_for;
20260629_104706;RELATORIO_08_LucasRamos_P9;8;LucasRamos;P9;1;9;LOCATOR_WAIT_FOR;2026-06-29 10:49:20;2026-06-29 10:49:21;1,003;ERRO;Locator.wait_for | OTIMIZADO: overlay APEX: timeout reduzido de 8000ms para 1000ms;"TimeoutError: Locator.wait_for: Timeout 1000ms exceeded.
Call log:
  - waiting for locator("".ui-widget-overlay"").first to be hidden
    6 × locator resolved to visible <div class=""ui-widget-overlay ui-front""></div>
"
20260629_104706;RELATORIO_08_LucasRamos_P9;8;LucasRamos;P9;1;9;LOCATOR_WAIT_FOR;2026-06-29 10:49:21;2026-06-29 10:49:21;0,032;OK;Locator.wait_for;
20260629_104706;RELATORIO_08_LucasRamos_P9;8;LucasRamos;P9;1;9;LOCATOR_WAIT_FOR;2026-06-29 10:49:21;2026-06-29 10:49:21;0,022;OK;Locator.wait_for;
20260629_104706;RELATORIO_08_LucasRamos_P9;8;LucasRamos;P9;1;9;LOCATOR_CLICK;2026-06-29 10:49:21;2026-06-29 10:49:21;0,155;OK;Locator.click;
20260629_104706;RELATORIO_08_LucasRamos_P9;8;LucasRamos;P9;1;9;PAGE_WAIT_TIMEOUT;2026-06-29 10:49:21;2026-06-29 10:49:22;0,454;OK;Page.wait_for_timeout | OTIMIZADO: wait_for_timeout reduzido de 1200ms para 450ms;
20260629_104706;RELATORIO_08_LucasRamos_P9;8;LucasRamos;P9;1;9;LOCATOR_CLICK;2026-06-29 10:49:22;2026-06-29 10:49:22;0,242;OK;Locator.click;
20260629_104706;RELATORIO_08_LucasRamos_P9;8;LucasRamos;P9;1;9;PAGE_WAIT_TIMEOUT;2026-06-29 10:49:22;2026-06-29 10:49:23;0,453;OK;Page.wait_for_timeout | OTIMIZADO: wait_for_timeout reduzido de 1200ms para 450ms;
20260629_104706;RELATORIO_08_LucasRamos_P9;8;LucasRamos;P9;1;9;PAGE_PREPARAR_EXPECT_DOWNLOAD;2026-06-29 10:49:23;2026-06-29 10:49:23;0,003;OK;Page.expect_download;
20260629_104706;RELATORIO_08_LucasRamos_P9;8;LucasRamos;P9;1;9;LOCATOR_CLICK;2026-06-29 10:49:23;2026-06-29 10:49:23;0,24;OK;Locator.click;
20260629_104706;RELATORIO_08_LucasRamos_P9;8;LucasRamos;P9;1;9;DOWNLOAD_SAVE_AS;2026-06-29 10:49:23;2026-06-29 10:49:23;0,537;OK;Download.save_as;
20260629_104706;RELATORIO_08_LucasRamos_P9;8;LucasRamos;P9;1;9;LOCATOR_CLICK;2026-06-29 10:49:24;2026-06-29 10:49:24;0,081;OK;Locator.click;
20260629_104706;RELATORIO_08_LucasRamos_P9;8;LucasRamos;P9;1;9;PAGE_WAIT_TIMEOUT;2026-06-29 10:49:24;2026-06-29 10:49:24;0,454;OK;Page.wait_for_timeout | OTIMIZADO: wait_for_timeout reduzido de 1000ms para 450ms;
20260629_104706;RELATORIO_08_LucasRamos_P9;8;LucasRamos;P9;1;9;LOCATOR_CLICK;2026-06-29 10:49:24;2026-06-29 10:49:24;0,075;OK;Locator.click;
20260629_104706;RELATORIO_08_LucasRamos_P9;8;LucasRamos;P9;1;9;PAGE_WAIT_TIMEOUT;2026-06-29 10:49:24;2026-06-29 10:49:25;0,455;OK;Page.wait_for_timeout | OTIMIZADO: wait_for_timeout reduzido de 1000ms para 450ms;
20260629_104706;RELATORIO_08_LucasRamos_P9;8;LucasRamos;P9;1;9;PAGE_WAIT_TIMEOUT;2026-06-29 10:49:25;2026-06-29 10:49:25;0,453;OK;Page.wait_for_timeout | OTIMIZADO: wait_for_timeout reduzido de 500ms para 450ms;
20260629_104706;RELATORIO_08_LucasRamos_P9;8;LucasRamos;P9;1;9;LOCATOR_WAIT_FOR;2026-06-29 10:49:25;2026-06-29 10:49:25;0,008;OK;Locator.wait_for;
20260629_104706;RELATORIO_08_LucasRamos_P9;8;LucasRamos;P9;1;9;LOCATOR_WAIT_FOR;2026-06-29 10:49:25;2026-06-29 10:49:25;0,008;OK;Locator.wait_for;
20260629_104706;RELATORIO_08_LucasRamos_P9;8;LucasRamos;P9;1;9;LOCATOR_WAIT_FOR;2026-06-29 10:49:25;2026-06-29 10:49:25;0,007;OK;Locator.wait_for;
20260629_104706;RELATORIO_08_LucasRamos_P9;8;LucasRamos;P9;1;9;LOCATOR_WAIT_FOR;2026-06-29 10:49:25;2026-06-29 10:49:25;0,008;OK;Locator.wait_for | OTIMIZADO: overlay APEX: timeout reduzido de 8000ms para 1000ms;
20260629_104706;RELATORIO_08_LucasRamos_P9;8;LucasRamos;P9;1;9;PAGE_WAIT_TIMEOUT;2026-06-29 10:49:25;2026-06-29 10:49:26;0,453;OK;Page.wait_for_timeout | OTIMIZADO: wait_for_timeout reduzido de 1500ms para 450ms;
20260629_104706;RELATORIO_08_LucasRamos_P9;8;LucasRamos;P9;1;10;LOCATOR_WAIT_FOR;2026-06-29 10:49:26;2026-06-29 10:49:26;0,013;OK;Locator.wait_for;
20260629_104706;RELATORIO_08_LucasRamos_P9;8;LucasRamos;P9;1;10;LOCATOR_CLICK;2026-06-29 10:49:26;2026-06-29 10:49:26;0,078;OK;Locator.click;
20260629_104706;RELATORIO_08_LucasRamos_P9;8;LucasRamos;P9;1;10;PAGE_WAIT_TIMEOUT;2026-06-29 10:49:26;2026-06-29 10:49:26;0,454;OK;Page.wait_for_timeout | OTIMIZADO: wait_for_timeout reduzido de 2500ms para 450ms;
20260629_104706;RELATORIO_08_LucasRamos_P9;8;LucasRamos;P9;1;10;LOCATOR_WAIT_FOR;2026-06-29 10:49:26;2026-06-29 10:49:26;0,011;OK;Locator.wait_for;
20260629_104706;RELATORIO_08_LucasRamos_P9;8;LucasRamos;P9;1;10;LOCATOR_WAIT_FOR;2026-06-29 10:49:26;2026-06-29 10:49:26;0,008;OK;Locator.wait_for;
20260629_104706;RELATORIO_08_LucasRamos_P9;8;LucasRamos;P9;1;10;LOCATOR_WAIT_FOR;2026-06-29 10:49:26;2026-06-29 10:49:26;0,008;OK;Locator.wait_for;
20260629_104706;RELATORIO_08_LucasRamos_P9;8;LucasRamos;P9;1;10;LOCATOR_WAIT_FOR;2026-06-29 10:49:26;2026-06-29 10:49:27;1,003;ERRO;Locator.wait_for | OTIMIZADO: overlay APEX: timeout reduzido de 8000ms para 1000ms;"TimeoutError: Locator.wait_for: Timeout 1000ms exceeded.
Call log:
  - waiting for locator("".ui-widget-overlay"").first to be hidden
    10 × locator resolved to visible <div class=""ui-widget-overlay ui-front""></div>
"
20260629_104706;RELATORIO_08_LucasRamos_P9;8;LucasRamos;P9;1;10;LOCATOR_WAIT_FOR;2026-06-29 10:49:27;2026-06-29 10:49:27;0,191;OK;Locator.wait_for;
20260629_104706;RELATORIO_08_LucasRamos_P9;8;LucasRamos;P9;1;10;LOCATOR_WAIT_FOR;2026-06-29 10:49:27;2026-06-29 10:49:27;0,015;OK;Locator.wait_for;
20260629_104706;RELATORIO_08_LucasRamos_P9;8;LucasRamos;P9;1;10;PAGE_WAIT_TIMEOUT;2026-06-29 10:49:27;2026-06-29 10:49:28;0,453;OK;Page.wait_for_timeout | OTIMIZADO: wait_for_timeout reduzido de 1200ms para 450ms;
20260629_104706;RELATORIO_08_LucasRamos_P9;8;LucasRamos;P9;1;10;LOCATOR_WAIT_FOR;2026-06-29 10:49:28;2026-06-29 10:49:28;0,009;OK;Locator.wait_for;
20260629_104706;RELATORIO_08_LucasRamos_P9;8;LucasRamos;P9;1;10;LOCATOR_WAIT_FOR;2026-06-29 10:49:28;2026-06-29 10:49:28;0,011;OK;Locator.wait_for;
20260629_104706;RELATORIO_08_LucasRamos_P9;8;LucasRamos;P9;1;10;LOCATOR_WAIT_FOR;2026-06-29 10:49:28;2026-06-29 10:49:28;0,008;OK;Locator.wait_for;
20260629_104706;RELATORIO_08_LucasRamos_P9;8;LucasRamos;P9;1;10;LOCATOR_WAIT_FOR;2026-06-29 10:49:28;2026-06-29 10:49:29;1,004;ERRO;Locator.wait_for | OTIMIZADO: overlay APEX: timeout reduzido de 8000ms para 1000ms;"TimeoutError: Locator.wait_for: Timeout 1000ms exceeded.
Call log:
  - waiting for locator("".ui-widget-overlay"").first to be hidden
    10 × locator resolved to visible <div class=""ui-widget-overlay ui-front""></div>
"
20260629_104706;RELATORIO_08_LucasRamos_P9;8;LucasRamos;P9;1;10;LOCATOR_INNER_TEXT;2026-06-29 10:49:29;2026-06-29 10:49:29;0,029;OK;Locator.inner_text;
20260629_104706;RELATORIO_08_LucasRamos_P9;8;LucasRamos;P9;1;10;LOCATOR_IS_VISIBLE;2026-06-29 10:49:29;2026-06-29 10:49:29;0,017;OK;Locator.is_visible;
20260629_104706;RELATORIO_08_LucasRamos_P9;8;LucasRamos;P9;1;10;LOCATOR_CLICK;2026-06-29 10:49:29;2026-06-29 10:49:29;0,112;OK;Locator.click;
20260629_104706;RELATORIO_08_LucasRamos_P9;8;LucasRamos;P9;1;10;PAGE_WAIT_TIMEOUT;2026-06-29 10:49:29;2026-06-29 10:49:30;0,455;OK;Page.wait_for_timeout | OTIMIZADO: wait_for_timeout reduzido de 2500ms para 450ms;
20260629_104706;RELATORIO_08_LucasRamos_P9;8;LucasRamos;P9;1;10;LOCATOR_WAIT_FOR;2026-06-29 10:49:30;2026-06-29 10:49:30;0,009;OK;Locator.wait_for;
20260629_104706;RELATORIO_08_LucasRamos_P9;8;LucasRamos;P9;1;10;LOCATOR_WAIT_FOR;2026-06-29 10:49:30;2026-06-29 10:49:30;0,01;OK;Locator.wait_for;
20260629_104706;RELATORIO_08_LucasRamos_P9;8;LucasRamos;P9;1;10;LOCATOR_WAIT_FOR;2026-06-29 10:49:30;2026-06-29 10:49:30;0,006;OK;Locator.wait_for;
20260629_104706;RELATORIO_08_LucasRamos_P9;8;LucasRamos;P9;1;10;LOCATOR_WAIT_FOR;2026-06-29 10:49:30;2026-06-29 10:49:31;1,001;ERRO;Locator.wait_for | OTIMIZADO: overlay APEX: timeout reduzido de 8000ms para 1000ms;"TimeoutError: Locator.wait_for: Timeout 1000ms exceeded.
Call log:
  - waiting for locator("".ui-widget-overlay"").first to be hidden
    11 × locator resolved to visible <div class=""ui-widget-overlay ui-front""></div>
"
20260629_104706;RELATORIO_08_LucasRamos_P9;8;LucasRamos;P9;1;10;LOCATOR_WAIT_FOR;2026-06-29 10:49:31;2026-06-29 10:49:31;0,428;OK;Locator.wait_for;
20260629_104706;RELATORIO_08_LucasRamos_P9;8;LucasRamos;P9;1;10;LOCATOR_WAIT_FOR;2026-06-29 10:49:31;2026-06-29 10:49:31;0,04;OK;Locator.wait_for;
20260629_104706;RELATORIO_08_LucasRamos_P9;8;LucasRamos;P9;1;10;LOCATOR_CLICK;2026-06-29 10:49:31;2026-06-29 10:49:31;0,208;OK;Locator.click;
20260629_104706;RELATORIO_08_LucasRamos_P9;8;LucasRamos;P9;1;10;PAGE_WAIT_TIMEOUT;2026-06-29 10:49:31;2026-06-29 10:49:32;0,452;OK;Page.wait_for_timeout | OTIMIZADO: wait_for_timeout reduzido de 1200ms para 450ms;
20260629_104706;RELATORIO_08_LucasRamos_P9;8;LucasRamos;P9;1;10;LOCATOR_CLICK;2026-06-29 10:49:32;2026-06-29 10:49:32;0,277;OK;Locator.click;
20260629_104706;RELATORIO_08_LucasRamos_P9;8;LucasRamos;P9;1;10;PAGE_WAIT_TIMEOUT;2026-06-29 10:49:32;2026-06-29 10:49:32;0,453;OK;Page.wait_for_timeout | OTIMIZADO: wait_for_timeout reduzido de 1200ms para 450ms;
20260629_104706;RELATORIO_08_LucasRamos_P9;8;LucasRamos;P9;1;10;PAGE_PREPARAR_EXPECT_DOWNLOAD;2026-06-29 10:49:32;2026-06-29 10:49:32;0,003;OK;Page.expect_download;
20260629_104706;RELATORIO_08_LucasRamos_P9;8;LucasRamos;P9;1;10;LOCATOR_CLICK;2026-06-29 10:49:32;2026-06-29 10:49:33;0,172;OK;Locator.click;
20260629_104706;RELATORIO_08_LucasRamos_P9;8;LucasRamos;P9;1;10;DOWNLOAD_SAVE_AS;2026-06-29 10:49:33;2026-06-29 10:49:33;0,273;OK;Download.save_as;
20260629_104706;RELATORIO_08_LucasRamos_P9;8;LucasRamos;P9;1;10;LOCATOR_CLICK;2026-06-29 10:49:33;2026-06-29 10:49:33;0,066;OK;Locator.click;
20260629_104706;RELATORIO_08_LucasRamos_P9;8;LucasRamos;P9;1;10;PAGE_WAIT_TIMEOUT;2026-06-29 10:49:33;2026-06-29 10:49:34;0,454;OK;Page.wait_for_timeout | OTIMIZADO: wait_for_timeout reduzido de 1000ms para 450ms;
20260629_104706;RELATORIO_08_LucasRamos_P9;8;LucasRamos;P9;1;10;LOCATOR_CLICK;2026-06-29 10:49:34;2026-06-29 10:49:34;0,072;OK;Locator.click;
20260629_104706;RELATORIO_08_LucasRamos_P9;8;LucasRamos;P9;1;10;PAGE_WAIT_TIMEOUT;2026-06-29 10:49:34;2026-06-29 10:49:34;0,454;OK;Page.wait_for_timeout | OTIMIZADO: wait_for_timeout reduzido de 1000ms para 450ms;
20260629_104706;RELATORIO_08_LucasRamos_P9;8;LucasRamos;P9;1;10;PAGE_WAIT_TIMEOUT;2026-06-29 10:49:34;2026-06-29 10:49:35;0,454;OK;Page.wait_for_timeout | OTIMIZADO: wait_for_timeout reduzido de 500ms para 450ms;
20260629_104706;RELATORIO_08_LucasRamos_P9;8;LucasRamos;P9;1;10;LOCATOR_WAIT_FOR;2026-06-29 10:49:35;2026-06-29 10:49:35;0,011;OK;Locator.wait_for;
20260629_104706;RELATORIO_08_LucasRamos_P9;8;LucasRamos;P9;1;10;LOCATOR_WAIT_FOR;2026-06-29 10:49:35;2026-06-29 10:49:35;0,009;OK;Locator.wait_for;
20260629_104706;RELATORIO_08_LucasRamos_P9;8;LucasRamos;P9;1;10;LOCATOR_WAIT_FOR;2026-06-29 10:49:35;2026-06-29 10:49:35;0,009;OK;Locator.wait_for;
20260629_104706;RELATORIO_08_LucasRamos_P9;8;LucasRamos;P9;1;10;LOCATOR_WAIT_FOR;2026-06-29 10:49:35;2026-06-29 10:49:35;0,008;OK;Locator.wait_for | OTIMIZADO: overlay APEX: timeout reduzido de 8000ms para 1000ms;
20260629_104706;RELATORIO_08_LucasRamos_P9;8;LucasRamos;P9;1;10;PAGE_WAIT_TIMEOUT;2026-06-29 10:49:35;2026-06-29 10:49:35;0,454;OK;Page.wait_for_timeout | OTIMIZADO: wait_for_timeout reduzido de 1500ms para 450ms;
20260629_104706;RELATORIO_08_LucasRamos_P9;8;LucasRamos;P9;1;11;LOCATOR_WAIT_FOR;2026-06-29 10:49:35;2026-06-29 10:49:35;0,016;OK;Locator.wait_for;
20260629_104706;RELATORIO_08_LucasRamos_P9;8;LucasRamos;P9;1;11;LOCATOR_CLICK;2026-06-29 10:49:35;2026-06-29 10:49:35;0,097;OK;Locator.click;
20260629_104706;RELATORIO_08_LucasRamos_P9;8;LucasRamos;P9;1;11;PAGE_WAIT_TIMEOUT;2026-06-29 10:49:35;2026-06-29 10:49:36;0,453;OK;Page.wait_for_timeout | OTIMIZADO: wait_for_timeout reduzido de 2500ms para 450ms;
20260629_104706;RELATORIO_08_LucasRamos_P9;8;LucasRamos;P9;1;11;LOCATOR_WAIT_FOR;2026-06-29 10:49:36;2026-06-29 10:49:36;0,031;OK;Locator.wait_for;
20260629_104706;RELATORIO_08_LucasRamos_P9;8;LucasRamos;P9;1;11;LOCATOR_WAIT_FOR;2026-06-29 10:49:36;2026-06-29 10:49:36;0,034;OK;Locator.wait_for;
20260629_104706;RELATORIO_08_LucasRamos_P9;8;LucasRamos;P9;1;11;LOCATOR_WAIT_FOR;2026-06-29 10:49:36;2026-06-29 10:49:36;0,153;OK;Locator.wait_for;
20260629_104706;RELATORIO_08_LucasRamos_P9;8;LucasRamos;P9;1;11;LOCATOR_WAIT_FOR;2026-06-29 10:49:36;2026-06-29 10:49:37;1,003;ERRO;Locator.wait_for | OTIMIZADO: overlay APEX: timeout reduzido de 8000ms para 1000ms;"TimeoutError: Locator.wait_for: Timeout 1000ms exceeded.
Call log:
  - waiting for locator("".ui-widget-overlay"").first to be hidden
    10 × locator resolved to visible <div class=""ui-widget-overlay ui-front""></div>
"
20260629_104706;RELATORIO_08_LucasRamos_P9;8;LucasRamos;P9;1;11;LOCATOR_WAIT_FOR;2026-06-29 10:49:37;2026-06-29 10:49:37;0,013;OK;Locator.wait_for;
20260629_104706;RELATORIO_08_LucasRamos_P9;8;LucasRamos;P9;1;11;LOCATOR_WAIT_FOR;2026-06-29 10:49:37;2026-06-29 10:49:37;0,014;OK;Locator.wait_for;
20260629_104706;RELATORIO_08_LucasRamos_P9;8;LucasRamos;P9;1;11;PAGE_WAIT_TIMEOUT;2026-06-29 10:49:37;2026-06-29 10:49:37;0,453;OK;Page.wait_for_timeout | OTIMIZADO: wait_for_timeout reduzido de 1200ms para 450ms;
20260629_104706;RELATORIO_08_LucasRamos_P9;8;LucasRamos;P9;1;11;LOCATOR_WAIT_FOR;2026-06-29 10:49:37;2026-06-29 10:49:37;0,008;OK;Locator.wait_for;
20260629_104706;RELATORIO_08_LucasRamos_P9;8;LucasRamos;P9;1;11;LOCATOR_WAIT_FOR;2026-06-29 10:49:37;2026-06-29 10:49:37;0,006;OK;Locator.wait_for;
20260629_104706;RELATORIO_08_LucasRamos_P9;8;LucasRamos;P9;1;11;LOCATOR_WAIT_FOR;2026-06-29 10:49:37;2026-06-29 10:49:38;0,006;OK;Locator.wait_for;
20260629_104706;RELATORIO_08_LucasRamos_P9;8;LucasRamos;P9;1;11;LOCATOR_WAIT_FOR;2026-06-29 10:49:38;2026-06-29 10:49:39;1,001;ERRO;Locator.wait_for | OTIMIZADO: overlay APEX: timeout reduzido de 8000ms para 1000ms;"TimeoutError: Locator.wait_for: Timeout 1000ms exceeded.
Call log:
  - waiting for locator("".ui-widget-overlay"").first to be hidden
    11 × locator resolved to visible <div class=""ui-widget-overlay ui-front""></div>
"
20260629_104706;RELATORIO_08_LucasRamos_P9;8;LucasRamos;P9;1;11;LOCATOR_INNER_TEXT;2026-06-29 10:49:39;2026-06-29 10:49:39;0,036;OK;Locator.inner_text;
20260629_104706;RELATORIO_08_LucasRamos_P9;8;LucasRamos;P9;1;11;LOCATOR_IS_VISIBLE;2026-06-29 10:49:39;2026-06-29 10:49:39;0,016;OK;Locator.is_visible;
20260629_104706;RELATORIO_08_LucasRamos_P9;8;LucasRamos;P9;1;11;LOCATOR_CLICK;2026-06-29 10:49:39;2026-06-29 10:49:39;0,101;OK;Locator.click;
20260629_104706;RELATORIO_08_LucasRamos_P9;8;LucasRamos;P9;1;11;PAGE_WAIT_TIMEOUT;2026-06-29 10:49:39;2026-06-29 10:49:39;0,452;OK;Page.wait_for_timeout | OTIMIZADO: wait_for_timeout reduzido de 2500ms para 450ms;
20260629_104706;RELATORIO_08_LucasRamos_P9;8;LucasRamos;P9;1;11;LOCATOR_WAIT_FOR;2026-06-29 10:49:39;2026-06-29 10:49:39;0,009;OK;Locator.wait_for;
20260629_104706;RELATORIO_08_LucasRamos_P9;8;LucasRamos;P9;1;11;LOCATOR_WAIT_FOR;2026-06-29 10:49:39;2026-06-29 10:49:39;0,009;OK;Locator.wait_for;
20260629_104706;RELATORIO_08_LucasRamos_P9;8;LucasRamos;P9;1;11;LOCATOR_WAIT_FOR;2026-06-29 10:49:39;2026-06-29 10:49:39;0,008;OK;Locator.wait_for;
20260629_104706;RELATORIO_08_LucasRamos_P9;8;LucasRamos;P9;1;11;LOCATOR_WAIT_FOR;2026-06-29 10:49:39;2026-06-29 10:49:40;1,004;ERRO;Locator.wait_for | OTIMIZADO: overlay APEX: timeout reduzido de 8000ms para 1000ms;"TimeoutError: Locator.wait_for: Timeout 1000ms exceeded.
Call log:
  - waiting for locator("".ui-widget-overlay"").first to be hidden
    6 × locator resolved to visible <div class=""ui-widget-overlay ui-front""></div>
"
20260629_104706;RELATORIO_08_LucasRamos_P9;8;LucasRamos;P9;1;11;LOCATOR_WAIT_FOR;2026-06-29 10:49:40;2026-06-29 10:49:40;0,011;OK;Locator.wait_for;
20260629_104706;RELATORIO_08_LucasRamos_P9;8;LucasRamos;P9;1;11;LOCATOR_WAIT_FOR;2026-06-29 10:49:40;2026-06-29 10:49:40;0,011;OK;Locator.wait_for;
20260629_104706;RELATORIO_08_LucasRamos_P9;8;LucasRamos;P9;1;11;LOCATOR_CLICK;2026-06-29 10:49:40;2026-06-29 10:49:40;0,171;OK;Locator.click;
20260629_104706;RELATORIO_08_LucasRamos_P9;8;LucasRamos;P9;1;11;PAGE_WAIT_TIMEOUT;2026-06-29 10:49:40;2026-06-29 10:49:41;0,454;OK;Page.wait_for_timeout | OTIMIZADO: wait_for_timeout reduzido de 1200ms para 450ms;
20260629_104706;RELATORIO_08_LucasRamos_P9;8;LucasRamos;P9;1;11;LOCATOR_CLICK;2026-06-29 10:49:41;2026-06-29 10:49:41;0,239;OK;Locator.click;
20260629_104706;RELATORIO_08_LucasRamos_P9;8;LucasRamos;P9;1;11;PAGE_WAIT_TIMEOUT;2026-06-29 10:49:41;2026-06-29 10:49:42;0,455;OK;Page.wait_for_timeout | OTIMIZADO: wait_for_timeout reduzido de 1200ms para 450ms;
20260629_104706;RELATORIO_08_LucasRamos_P9;8;LucasRamos;P9;1;11;PAGE_PREPARAR_EXPECT_DOWNLOAD;2026-06-29 10:49:42;2026-06-29 10:49:42;0,005;OK;Page.expect_download;
20260629_104706;RELATORIO_08_LucasRamos_P9;8;LucasRamos;P9;1;11;LOCATOR_CLICK;2026-06-29 10:49:42;2026-06-29 10:49:42;0,194;OK;Locator.click;
20260629_104706;RELATORIO_08_LucasRamos_P9;8;LucasRamos;P9;1;11;DOWNLOAD_SAVE_AS;2026-06-29 10:49:42;2026-06-29 10:49:42;0,218;OK;Download.save_as;
20260629_104706;RELATORIO_08_LucasRamos_P9;8;LucasRamos;P9;1;11;LOCATOR_CLICK;2026-06-29 10:49:42;2026-06-29 10:49:42;0,092;OK;Locator.click;
20260629_104706;RELATORIO_08_LucasRamos_P9;8;LucasRamos;P9;1;11;PAGE_WAIT_TIMEOUT;2026-06-29 10:49:42;2026-06-29 10:49:43;0,455;OK;Page.wait_for_timeout | OTIMIZADO: wait_for_timeout reduzido de 1000ms para 450ms;
20260629_104706;RELATORIO_08_LucasRamos_P9;8;LucasRamos;P9;1;11;LOCATOR_CLICK;2026-06-29 10:49:43;2026-06-29 10:49:43;0,086;OK;Locator.click;
20260629_104706;RELATORIO_08_LucasRamos_P9;8;LucasRamos;P9;1;11;PAGE_WAIT_TIMEOUT;2026-06-29 10:49:43;2026-06-29 10:49:43;0,453;OK;Page.wait_for_timeout | OTIMIZADO: wait_for_timeout reduzido de 1000ms para 450ms;
20260629_104706;RELATORIO_08_LucasRamos_P9;8;LucasRamos;P9;1;11;PAGE_WAIT_TIMEOUT;2026-06-29 10:49:43;2026-06-29 10:49:44;0,453;OK;Page.wait_for_timeout | OTIMIZADO: wait_for_timeout reduzido de 500ms para 450ms;
20260629_104706;RELATORIO_08_LucasRamos_P9;8;LucasRamos;P9;1;11;LOCATOR_WAIT_FOR;2026-06-29 10:49:44;2026-06-29 10:49:44;0,009;OK;Locator.wait_for;
20260629_104706;RELATORIO_08_LucasRamos_P9;8;LucasRamos;P9;1;11;LOCATOR_WAIT_FOR;2026-06-29 10:49:44;2026-06-29 10:49:44;0,006;OK;Locator.wait_for;
20260629_104706;RELATORIO_08_LucasRamos_P9;8;LucasRamos;P9;1;11;LOCATOR_WAIT_FOR;2026-06-29 10:49:44;2026-06-29 10:49:44;0,008;OK;Locator.wait_for;
20260629_104706;RELATORIO_08_LucasRamos_P9;8;LucasRamos;P9;1;11;LOCATOR_WAIT_FOR;2026-06-29 10:49:44;2026-06-29 10:49:44;0,006;OK;Locator.wait_for | OTIMIZADO: overlay APEX: timeout reduzido de 8000ms para 1000ms;
20260629_104706;RELATORIO_08_LucasRamos_P9;8;LucasRamos;P9;1;11;PAGE_WAIT_TIMEOUT;2026-06-29 10:49:44;2026-06-29 10:49:44;0,452;OK;Page.wait_for_timeout | OTIMIZADO: wait_for_timeout reduzido de 1500ms para 450ms;
20260629_104706;RELATORIO_08_LucasRamos_P9;8;LucasRamos;P9;1;12;LOCATOR_WAIT_FOR;2026-06-29 10:49:44;2026-06-29 10:49:44;0,02;OK;Locator.wait_for;
20260629_104706;RELATORIO_08_LucasRamos_P9;8;LucasRamos;P9;1;12;LOCATOR_CLICK;2026-06-29 10:49:44;2026-06-29 10:49:44;0,081;OK;Locator.click;
20260629_104706;RELATORIO_08_LucasRamos_P9;8;LucasRamos;P9;1;12;PAGE_WAIT_TIMEOUT;2026-06-29 10:49:44;2026-06-29 10:49:45;0,454;OK;Page.wait_for_timeout | OTIMIZADO: wait_for_timeout reduzido de 2500ms para 450ms;
20260629_104706;RELATORIO_08_LucasRamos_P9;8;LucasRamos;P9;1;12;LOCATOR_WAIT_FOR;2026-06-29 10:49:45;2026-06-29 10:49:45;0,039;OK;Locator.wait_for;
20260629_104706;RELATORIO_08_LucasRamos_P9;8;LucasRamos;P9;1;12;LOCATOR_WAIT_FOR;2026-06-29 10:49:45;2026-06-29 10:49:45;0,031;OK;Locator.wait_for;
20260629_104706;RELATORIO_08_LucasRamos_P9;8;LucasRamos;P9;1;12;LOCATOR_WAIT_FOR;2026-06-29 10:49:45;2026-06-29 10:49:45;0,128;OK;Locator.wait_for;
20260629_104706;RELATORIO_08_LucasRamos_P9;8;LucasRamos;P9;1;12;LOCATOR_WAIT_FOR;2026-06-29 10:49:45;2026-06-29 10:49:46;1,004;ERRO;Locator.wait_for | OTIMIZADO: overlay APEX: timeout reduzido de 8000ms para 1000ms;"TimeoutError: Locator.wait_for: Timeout 1000ms exceeded.
Call log:
  - waiting for locator("".ui-widget-overlay"").first to be hidden
    10 × locator resolved to visible <div class=""ui-widget-overlay ui-front""></div>
"
20260629_104706;RELATORIO_08_LucasRamos_P9;8;LucasRamos;P9;1;12;LOCATOR_WAIT_FOR;2026-06-29 10:49:46;2026-06-29 10:49:46;0,011;OK;Locator.wait_for;
20260629_104706;RELATORIO_08_LucasRamos_P9;8;LucasRamos;P9;1;12;LOCATOR_WAIT_FOR;2026-06-29 10:49:46;2026-06-29 10:49:46;0,015;OK;Locator.wait_for;
20260629_104706;RELATORIO_08_LucasRamos_P9;8;LucasRamos;P9;1;12;PAGE_WAIT_TIMEOUT;2026-06-29 10:49:46;2026-06-29 10:49:47;0,454;OK;Page.wait_for_timeout | OTIMIZADO: wait_for_timeout reduzido de 1200ms para 450ms;
20260629_104706;RELATORIO_08_LucasRamos_P9;8;LucasRamos;P9;1;12;LOCATOR_WAIT_FOR;2026-06-29 10:49:47;2026-06-29 10:49:47;0,007;OK;Locator.wait_for;
20260629_104706;RELATORIO_08_LucasRamos_P9;8;LucasRamos;P9;1;12;LOCATOR_WAIT_FOR;2026-06-29 10:49:47;2026-06-29 10:49:47;0,006;OK;Locator.wait_for;
20260629_104706;RELATORIO_08_LucasRamos_P9;8;LucasRamos;P9;1;12;LOCATOR_WAIT_FOR;2026-06-29 10:49:47;2026-06-29 10:49:47;0,007;OK;Locator.wait_for;
20260629_104706;RELATORIO_08_LucasRamos_P9;8;LucasRamos;P9;1;12;LOCATOR_WAIT_FOR;2026-06-29 10:49:47;2026-06-29 10:49:48;1,005;ERRO;Locator.wait_for | OTIMIZADO: overlay APEX: timeout reduzido de 8000ms para 1000ms;"TimeoutError: Locator.wait_for: Timeout 1000ms exceeded.
Call log:
  - waiting for locator("".ui-widget-overlay"").first to be hidden
    11 × locator resolved to visible <div class=""ui-widget-overlay ui-front""></div>
"
20260629_104706;RELATORIO_08_LucasRamos_P9;8;LucasRamos;P9;1;12;LOCATOR_INNER_TEXT;2026-06-29 10:49:48;2026-06-29 10:49:48;0,027;OK;Locator.inner_text;
20260629_104706;RELATORIO_08_LucasRamos_P9;8;LucasRamos;P9;1;12;LOCATOR_IS_VISIBLE;2026-06-29 10:49:48;2026-06-29 10:49:48;0,019;OK;Locator.is_visible;
20260629_104706;RELATORIO_08_LucasRamos_P9;8;LucasRamos;P9;1;12;LOCATOR_CLICK;2026-06-29 10:49:48;2026-06-29 10:49:48;0,124;OK;Locator.click;
20260629_104706;RELATORIO_08_LucasRamos_P9;8;LucasRamos;P9;1;12;PAGE_WAIT_TIMEOUT;2026-06-29 10:49:48;2026-06-29 10:49:48;0,454;OK;Page.wait_for_timeout | OTIMIZADO: wait_for_timeout reduzido de 2500ms para 450ms;
20260629_104706;RELATORIO_08_LucasRamos_P9;8;LucasRamos;P9;1;12;LOCATOR_WAIT_FOR;2026-06-29 10:49:48;2026-06-29 10:49:48;0,008;OK;Locator.wait_for;
20260629_104706;RELATORIO_08_LucasRamos_P9;8;LucasRamos;P9;1;12;LOCATOR_WAIT_FOR;2026-06-29 10:49:48;2026-06-29 10:49:48;0,007;OK;Locator.wait_for;
20260629_104706;RELATORIO_08_LucasRamos_P9;8;LucasRamos;P9;1;12;LOCATOR_WAIT_FOR;2026-06-29 10:49:48;2026-06-29 10:49:48;0,009;OK;Locator.wait_for;
20260629_104706;RELATORIO_08_LucasRamos_P9;8;LucasRamos;P9;1;12;LOCATOR_WAIT_FOR;2026-06-29 10:49:48;2026-06-29 10:49:49;1,002;ERRO;Locator.wait_for | OTIMIZADO: overlay APEX: timeout reduzido de 8000ms para 1000ms;"TimeoutError: Locator.wait_for: Timeout 1000ms exceeded.
Call log:
  - waiting for locator("".ui-widget-overlay"").first to be hidden
    7 × locator resolved to visible <div class=""ui-widget-overlay ui-front""></div>
"
20260629_104706;RELATORIO_08_LucasRamos_P9;8;LucasRamos;P9;1;12;LOCATOR_WAIT_FOR;2026-06-29 10:49:49;2026-06-29 10:49:49;0,016;OK;Locator.wait_for;
20260629_104706;RELATORIO_08_LucasRamos_P9;8;LucasRamos;P9;1;12;LOCATOR_WAIT_FOR;2026-06-29 10:49:49;2026-06-29 10:49:49;0,014;OK;Locator.wait_for;
20260629_104706;RELATORIO_08_LucasRamos_P9;8;LucasRamos;P9;1;12;LOCATOR_CLICK;2026-06-29 10:49:49;2026-06-29 10:49:49;0,181;OK;Locator.click;
20260629_104706;RELATORIO_08_LucasRamos_P9;8;LucasRamos;P9;1;12;PAGE_WAIT_TIMEOUT;2026-06-29 10:49:49;2026-06-29 10:49:50;0,455;OK;Page.wait_for_timeout | OTIMIZADO: wait_for_timeout reduzido de 1200ms para 450ms;
20260629_104706;RELATORIO_08_LucasRamos_P9;8;LucasRamos;P9;1;12;LOCATOR_CLICK;2026-06-29 10:49:50;2026-06-29 10:49:50;0,237;OK;Locator.click;
20260629_104706;RELATORIO_08_LucasRamos_P9;8;LucasRamos;P9;1;12;PAGE_WAIT_TIMEOUT;2026-06-29 10:49:50;2026-06-29 10:49:51;0,455;OK;Page.wait_for_timeout | OTIMIZADO: wait_for_timeout reduzido de 1200ms para 450ms;
20260629_104706;RELATORIO_08_LucasRamos_P9;8;LucasRamos;P9;1;12;PAGE_PREPARAR_EXPECT_DOWNLOAD;2026-06-29 10:49:51;2026-06-29 10:49:51;0,003;OK;Page.expect_download;
20260629_104706;RELATORIO_08_LucasRamos_P9;8;LucasRamos;P9;1;12;LOCATOR_CLICK;2026-06-29 10:49:51;2026-06-29 10:49:51;0,166;OK;Locator.click;
20260629_104706;RELATORIO_08_LucasRamos_P9;8;LucasRamos;P9;1;12;DOWNLOAD_SAVE_AS;2026-06-29 10:49:51;2026-06-29 10:49:51;0,233;OK;Download.save_as;
20260629_104706;RELATORIO_08_LucasRamos_P9;8;LucasRamos;P9;1;12;LOCATOR_CLICK;2026-06-29 10:49:51;2026-06-29 10:49:51;0,079;OK;Locator.click;
20260629_104706;RELATORIO_08_LucasRamos_P9;8;LucasRamos;P9;1;12;PAGE_WAIT_TIMEOUT;2026-06-29 10:49:51;2026-06-29 10:49:52;0,454;OK;Page.wait_for_timeout | OTIMIZADO: wait_for_timeout reduzido de 1000ms para 450ms;
20260629_104706;RELATORIO_08_LucasRamos_P9;8;LucasRamos;P9;1;12;LOCATOR_CLICK;2026-06-29 10:49:52;2026-06-29 10:49:52;0,097;OK;Locator.click;
20260629_104706;RELATORIO_08_LucasRamos_P9;8;LucasRamos;P9;1;12;PAGE_WAIT_TIMEOUT;2026-06-29 10:49:52;2026-06-29 10:49:52;0,453;OK;Page.wait_for_timeout | OTIMIZADO: wait_for_timeout reduzido de 1000ms para 450ms;
20260629_104706;RELATORIO_08_LucasRamos_P9;8;LucasRamos;P9;1;12;PAGE_WAIT_TIMEOUT;2026-06-29 10:49:52;2026-06-29 10:49:53;0,452;OK;Page.wait_for_timeout | OTIMIZADO: wait_for_timeout reduzido de 500ms para 450ms;
20260629_104706;RELATORIO_08_LucasRamos_P9;8;LucasRamos;P9;1;12;LOCATOR_WAIT_FOR;2026-06-29 10:49:53;2026-06-29 10:49:53;0,01;OK;Locator.wait_for;
20260629_104706;RELATORIO_08_LucasRamos_P9;8;LucasRamos;P9;1;12;LOCATOR_WAIT_FOR;2026-06-29 10:49:53;2026-06-29 10:49:53;0,01;OK;Locator.wait_for;
20260629_104706;RELATORIO_08_LucasRamos_P9;8;LucasRamos;P9;1;12;LOCATOR_WAIT_FOR;2026-06-29 10:49:53;2026-06-29 10:49:53;0,009;OK;Locator.wait_for;
20260629_104706;RELATORIO_08_LucasRamos_P9;8;LucasRamos;P9;1;12;LOCATOR_WAIT_FOR;2026-06-29 10:49:53;2026-06-29 10:49:53;0,007;OK;Locator.wait_for | OTIMIZADO: overlay APEX: timeout reduzido de 8000ms para 1000ms;
20260629_104706;RELATORIO_08_LucasRamos_P9;8;LucasRamos;P9;1;12;PAGE_WAIT_TIMEOUT;2026-06-29 10:49:53;2026-06-29 10:49:53;0,453;OK;Page.wait_for_timeout | OTIMIZADO: wait_for_timeout reduzido de 1500ms para 450ms;
20260629_104706;RELATORIO_08_LucasRamos_P9;8;LucasRamos;P9;1;10;LOCATOR_WAIT_FOR;2026-06-29 10:49:53;2026-06-29 10:49:54;0,505;ERRO;Locator.wait_for | OTIMIZADO: botão Próximo: timeout reduzido de 5000ms para 500ms;"TimeoutError: Locator.wait_for: Timeout 500ms exceeded.
Call log:
  - waiting for get_by_role(""button"", name=""Próximo"").first to be visible
"
20260629_104706;RELATORIO_08_LucasRamos_P9;8;LucasRamos;P9;1;10;LOCATOR_WAIT_FOR;2026-06-29 10:49:54;2026-06-29 10:49:54;0,503;ERRO;Locator.wait_for | OTIMIZADO: botão Próximo: timeout reduzido de 5000ms para 500ms;"TimeoutError: Locator.wait_for: Timeout 500ms exceeded.
Call log:
  - waiting for get_by_role(""link"", name=""Próximo"").first to be visible
"
20260629_104706;RELATORIO_08_LucasRamos_P9;8;LucasRamos;P9;1;10;LOCATOR_WAIT_FOR;2026-06-29 10:49:54;2026-06-29 10:49:55;0,505;ERRO;Locator.wait_for | OTIMIZADO: botão Próximo: timeout reduzido de 5000ms para 500ms;"TimeoutError: Locator.wait_for: Timeout 500ms exceeded.
Call log:
  - waiting for locator(""a[aria-label='Próximo']"").first to be visible
"
20260629_104706;RELATORIO_08_LucasRamos_P9;8;LucasRamos;P9;1;10;LOCATOR_WAIT_FOR;2026-06-29 10:49:55;2026-06-29 10:49:55;0,501;ERRO;Locator.wait_for | OTIMIZADO: botão Próximo: timeout reduzido de 5000ms para 500ms;"TimeoutError: Locator.wait_for: Timeout 500ms exceeded.
Call log:
  - waiting for locator(""button[aria-label='Próximo']"").first to be visible
    6 × locator resolved to hidden <button type=""button"" title=""Próximo"" aria-label=""Próximo"" aria-controls=""R36006080196426145"" class=""a-Button a-IRR-button a-IRR-button--pagination"" data-pagination=""pgR_min_row=101max_rows=100rows_fetched=100"">…</button>
"
20260629_104706;RELATORIO_08_LucasRamos_P9;8;LucasRamos;P9;1;10;PAGE_WAIT_TIMEOUT;2026-06-29 10:49:55;2026-06-29 10:49:56;0,452;OK;Page.wait_for_timeout | OTIMIZADO: wait_for_timeout reduzido de 500ms para 450ms;
20260629_104706;RELATORIO_08_LucasRamos_P9;8;LucasRamos;P9;1;10;LOCATOR_WAIT_FOR;2026-06-29 10:49:56;2026-06-29 10:49:56;0,01;OK;Locator.wait_for;
20260629_104706;RELATORIO_08_LucasRamos_P9;8;LucasRamos;P9;1;10;LOCATOR_WAIT_FOR;2026-06-29 10:49:56;2026-06-29 10:49:56;0,012;OK;Locator.wait_for;
20260629_104706;RELATORIO_08_LucasRamos_P9;8;LucasRamos;P9;1;10;LOCATOR_WAIT_FOR;2026-06-29 10:49:56;2026-06-29 10:49:56;0,008;OK;Locator.wait_for;
20260629_104706;RELATORIO_08_LucasRamos_P9;8;LucasRamos;P9;1;10;LOCATOR_WAIT_FOR;2026-06-29 10:49:56;2026-06-29 10:49:56;0,008;OK;Locator.wait_for | OTIMIZADO: overlay APEX: timeout reduzido de 8000ms para 1000ms;
20260629_104706;RELATORIO_08_LucasRamos_P9;8;LucasRamos;P9;1;10;PAGE_WAIT_TIMEOUT;2026-06-29 10:49:56;2026-06-29 10:49:56;0,453;OK;Page.wait_for_timeout | OTIMIZADO: wait_for_timeout reduzido de 3000ms para 450ms;
20260629_104706;RELATORIO_08_LucasRamos_P9;8;LucasRamos;P9;1;10;PAGE_WAIT_LOAD_STATE;2026-06-29 10:49:56;2026-06-29 10:49:56;0,002;OK;Page.wait_for_load_state;
20260629_104706;RELATORIO_08_LucasRamos_P9;8;LucasRamos;P9;1;10;PAGE_WAIT_LOAD_STATE;2026-06-29 10:49:56;2026-06-29 10:49:56;0,002;OK;Page.wait_for_load_state;
20260629_104706;RELATORIO_08_LucasRamos_P9;8;LucasRamos;P9;1;10;LOCATOR_WAIT_FOR;2026-06-29 10:49:56;2026-06-29 10:49:56;0,007;OK;Locator.wait_for;
20260629_104706;RELATORIO_08_LucasRamos_P9;8;LucasRamos;P9;1;10;LOCATOR_WAIT_FOR;2026-06-29 10:49:56;2026-06-29 10:49:56;0,008;OK;Locator.wait_for;
20260629_104706;RELATORIO_08_LucasRamos_P9;8;LucasRamos;P9;1;10;LOCATOR_WAIT_FOR;2026-06-29 10:49:56;2026-06-29 10:49:56;0,008;OK;Locator.wait_for;
20260629_104706;RELATORIO_08_LucasRamos_P9;8;LucasRamos;P9;1;10;LOCATOR_WAIT_FOR;2026-06-29 10:49:56;2026-06-29 10:49:56;0,007;OK;Locator.wait_for | OTIMIZADO: overlay APEX: timeout reduzido de 8000ms para 1000ms;
20260629_104706;RELATORIO_08_LucasRamos_P9;8;LucasRamos;P9;1;10;BROWSER_CLOSE;2026-06-29 10:49:57;2026-06-29 10:49:57;0,517;OK;Browser.close;
