LIDER_CENARIO;STATUS_EDIT_CENARIO;IDENTIFICADOR_DE_CENARIO;COMANDO_CENARIO_EXECUCOES;NOME_CENARIO;PAGINA_APEX;ORIGEM_LINHA;Seq.;Atividade;Resultado;Comentário;Resultado Esperado;Descrição;Área de Negocio;Módulo/Sistema;Usuário Responsável;Anotações;Tempo (Minutos)
RenatoMezzalira;COM_EDIT_DOWNLOAD;PLUMA_AGRO.PTM.2263.V1;"page.locator(""iframe[title=""Cenário e Execuções""]"").content_frame.get_by_text(""PLUMA_AGRO.PTM.2263.V1"").click()";GRF.07.50065 - FABRICA DE RACAO - COMPRA DE MATÉRIA-PRIMA;1;tr_child_298;10;Pré-Validação de Cadastros - ITEM;Sucesso;;Confirmar Item cadastrado no Oracle.;Pré-Validação de Cadastros de ITENS;Cadastros;Fusion: INV;Leonardo Gomes;;
RenatoMezzalira;COM_EDIT_DOWNLOAD;PLUMA_AGRO.PTM.2263.V1;"page.locator(""iframe[title=""Cenário e Execuções""]"").content_frame.get_by_text(""PLUMA_AGRO.PTM.2263.V1"").click()";GRF.07.50065 - FABRICA DE RACAO - COMPRA DE MATÉRIA-PRIMA;1;tr_child_298;20;Pré-Validação de Cadastros - CLIFOR;Sucesso;;Confirmar os Fornecedores/Clientes cadastrados nos Oracle.;Pré-Validação de Cadastros de CLIFOR;Cadastros;Fusion: PO;Leonardo Gomes;;
RenatoMezzalira;COM_EDIT_DOWNLOAD;PLUMA_AGRO.PTM.2263.V1;"page.locator(""iframe[title=""Cenário e Execuções""]"").content_frame.get_by_text(""PLUMA_AGRO.PTM.2263.V1"").click()";GRF.07.50065 - FABRICA DE RACAO - COMPRA DE MATÉRIA-PRIMA;1;tr_child_298;30;Solicitar Compra;Sucesso;;Disparar Integração para ERP;Para solicitar insumos de matéria-prima para a fábrica de ração, o sistema legado Agrosys enviará uma solicitação de compra por meio de uma integração via OIC. Essa integração criará automaticamente uma requisição de compra no Oracle Cloud, a qual será submetida à aprovação conforme a hierarquia definida pelo Grupo.;Produção;Agrosys:Requisitante;Jocimar Koch;;
RenatoMezzalira;COM_EDIT_DOWNLOAD;PLUMA_AGRO.PTM.2263.V1;"page.locator(""iframe[title=""Cenário e Execuções""]"").content_frame.get_by_text(""PLUMA_AGRO.PTM.2263.V1"").click()";GRF.07.50065 - FABRICA DE RACAO - COMPRA DE MATÉRIA-PRIMA;1;tr_child_298;40;Enviar Requisição de Compra para Oracle;Sucesso;;Disparar Integração para ERP;Integrar solicitações ao ERP Oracle Fusion;Produção;Agrosys:Requisitante;Jocimar Koch;;
RenatoMezzalira;COM_EDIT_DOWNLOAD;PLUMA_AGRO.PTM.2263.V1;"page.locator(""iframe[title=""Cenário e Execuções""]"").content_frame.get_by_text(""PLUMA_AGRO.PTM.2263.V1"").click()";GRF.07.50065 - FABRICA DE RACAO - COMPRA DE MATÉRIA-PRIMA;1;tr_child_298;50;Receber Requisição de Compra;Sucesso;;Receber Integração Agrosys;Receber Solicitação de Compra via OIC;Compras;Fusion: SSP;Franciele Almeida;;
RenatoMezzalira;COM_EDIT_DOWNLOAD;PLUMA_AGRO.PTM.2263.V1;"page.locator(""iframe[title=""Cenário e Execuções""]"").content_frame.get_by_text(""PLUMA_AGRO.PTM.2263.V1"").click()";GRF.07.50065 - FABRICA DE RACAO - COMPRA DE MATÉRIA-PRIMA;1;tr_child_298;60;Criar requisição de Compra;Sucesso;;Analisar Solicitação de Compra;Após a aprovação, a requisição será encaminhada para a bancada do comprador, que será responsável por analisar e decidir a melhor forma de atender à solicitação.;Compras;Fusion: SSP;Franciele Almeida;;
RenatoMezzalira;COM_EDIT_DOWNLOAD;PLUMA_AGRO.PTM.2263.V1;"page.locator(""iframe[title=""Cenário e Execuções""]"").content_frame.get_by_text(""PLUMA_AGRO.PTM.2263.V1"").click()";GRF.07.50065 - FABRICA DE RACAO - COMPRA DE MATÉRIA-PRIMA;1;tr_child_298;70;Adicionar Linhas de catalogos locais;Sucesso;;A requisição é salva com sucesso com todas as linhas informadas corretamente e sem erro de validação.;Requisição de Compra > Adicionar Item do Catalago > Adicionar ao Carrinho;Compras;Fusion: SSP;Franciele Almeida;;
RenatoMezzalira;COM_EDIT_DOWNLOAD;PLUMA_AGRO.PTM.2263.V1;"page.locator(""iframe[title=""Cenário e Execuções""]"").content_frame.get_by_text(""PLUMA_AGRO.PTM.2263.V1"").click()";GRF.07.50065 - FABRICA DE RACAO - COMPRA DE MATÉRIA-PRIMA;1;tr_child_298;80;Submeter requisição;Sucesso;;A requisição é criada no sistema com todas as linhas importadas corretamente, mantendo os dados de origem.;Requisição de Compra > Adicionar Item do Catalago > Adicionar ao Carrinho > Editar Requisição;Compras;Fusion: SSP;Franciele Almeida;;
RenatoMezzalira;COM_EDIT_DOWNLOAD;PLUMA_AGRO.PTM.2263.V1;"page.locator(""iframe[title=""Cenário e Execuções""]"").content_frame.get_by_text(""PLUMA_AGRO.PTM.2263.V1"").click()";GRF.07.50065 - FABRICA DE RACAO - COMPRA DE MATÉRIA-PRIMA;1;tr_child_298;90;Aprovar requisição;Sucesso;;A requisição avança para o próximo nível do fluxo ou é aprovada, ficando registrada no histórico.;Requisição de Compra > Adicionar Item do Catalago > Adicionar ao Carrinho > Editar Requisição > Aprovar Requisição;Compras;Fusion: SSP;Franciele Almeida;;
RenatoMezzalira;COM_EDIT_DOWNLOAD;PLUMA_AGRO.PTM.2263.V1;"page.locator(""iframe[title=""Cenário e Execuções""]"").content_frame.get_by_text(""PLUMA_AGRO.PTM.2263.V1"").click()";GRF.07.50065 - FABRICA DE RACAO - COMPRA DE MATÉRIA-PRIMA;1;tr_child_298;100;Criar Ordem de Compra;Sucesso;;Ordem de Compra Criada;Aquisicao > Negociacoes >  Tarefas > Gerenciar Ordens  de Compra > Acoes  > Criar Ordem de Compra;Compras;Fusion: PO;Franciele Almeida;;
RenatoMezzalira;COM_EDIT_DOWNLOAD;PLUMA_AGRO.PTM.2263.V1;"page.locator(""iframe[title=""Cenário e Execuções""]"").content_frame.get_by_text(""PLUMA_AGRO.PTM.2263.V1"").click()";GRF.07.50065 - FABRICA DE RACAO - COMPRA DE MATÉRIA-PRIMA;1;tr_child_298;110;Editar Ordem de Compra;Sucesso;;Ordem de Compra Editada;Aquisicao > Negociacoes >  Tarefas > Gerenciar Ordens  de Compra > Acoes  > Editar Ordem de Compra;Compras;Fusion: PO;Franciele Almeida;;
RenatoMezzalira;COM_EDIT_DOWNLOAD;PLUMA_AGRO.PTM.2263.V1;"page.locator(""iframe[title=""Cenário e Execuções""]"").content_frame.get_by_text(""PLUMA_AGRO.PTM.2263.V1"").click()";GRF.07.50065 - FABRICA DE RACAO - COMPRA DE MATÉRIA-PRIMA;1;tr_child_298;120;Submeter Ordem de Compra;Sucesso;;Ordem de Compra Submetida;Aquisicao > Negociacoes >  Tarefas > Gerenciar Ordens  de Compra > Acoes  > Submeter Ordem de Compra;Compras;Fusion: PO;Franciele Almeida;;
RenatoMezzalira;COM_EDIT_DOWNLOAD;PLUMA_AGRO.PTM.2263.V1;"page.locator(""iframe[title=""Cenário e Execuções""]"").content_frame.get_by_text(""PLUMA_AGRO.PTM.2263.V1"").click()";GRF.07.50065 - FABRICA DE RACAO - COMPRA DE MATÉRIA-PRIMA;1;tr_child_298;130;Aprovar Ordem de Compra;Sucesso;;Ordem de Compra Aprovada;Aquisicao > Negociacoes >  Tarefas > Gerenciar Ordens  de Compra > Acoes  > Aprovar Ordem de Compra;Compras;Fusion: PO;Franciele Almeida;;
RenatoMezzalira;COM_EDIT_DOWNLOAD;PLUMA_AGRO.PTM.2263.V1;"page.locator(""iframe[title=""Cenário e Execuções""]"").content_frame.get_by_text(""PLUMA_AGRO.PTM.2263.V1"").click()";GRF.07.50065 - FABRICA DE RACAO - COMPRA DE MATÉRIA-PRIMA;1;tr_child_298;140;OTM - Recebe pedido de compras;Não Executado;;Pedido de Compras disponivel para o OTM;OTM Recebe Pedido de Compras através de Integração com Oracle Cloud;Logística e Transporte;OTM:Transportation;Willian Alves;;
RenatoMezzalira;COM_EDIT_DOWNLOAD;PLUMA_AGRO.PTM.2263.V1;"page.locator(""iframe[title=""Cenário e Execuções""]"").content_frame.get_by_text(""PLUMA_AGRO.PTM.2263.V1"").click()";GRF.07.50065 - FABRICA DE RACAO - COMPRA DE MATÉRIA-PRIMA;1;tr_child_298;150;OTM - Criar Planejamento de Carga;Não Executado;;"Executar rotina de planejamento massivo de carga
";"Gerenciamento de Ordens > Ordens > Liberação de Ordem >  Seleciona Ordem > Ações  > Planejamento Operacional > Criar Remessa de Compra > Planejamento Massivo Visão Custos
";Logística e Transporte;OTM:Transportation;Willian Alves;;
RenatoMezzalira;COM_EDIT_DOWNLOAD;PLUMA_AGRO.PTM.2263.V1;"page.locator(""iframe[title=""Cenário e Execuções""]"").content_frame.get_by_text(""PLUMA_AGRO.PTM.2263.V1"").click()";GRF.07.50065 - FABRICA DE RACAO - COMPRA DE MATÉRIA-PRIMA;1;tr_child_298;160;OTM - Assegurar Recurso;Não Executado;;Recurso Asseguarado e Oferta Aceita;"1. Gerenciamento de Remessa > Remessa de Compra > Seleciona Remessa > Ações  > Gerenciamento de Remessa > Oferta > Proteger Recursos 
2. Gerenciamento de Remessa > Remessa de Compra > Seleciona Remessa > Ações  > Gerenciamento de Remessa > Oferta > Aceitar Oferta
";Logística e Transporte;OTM:Transportation;Willian Alves;;
RenatoMezzalira;COM_EDIT_DOWNLOAD;PLUMA_AGRO.PTM.2263.V1;"page.locator(""iframe[title=""Cenário e Execuções""]"").content_frame.get_by_text(""PLUMA_AGRO.PTM.2263.V1"").click()";GRF.07.50065 - FABRICA DE RACAO - COMPRA DE MATÉRIA-PRIMA;1;tr_child_298;170;OTM - Transportador Emite CTE;Não Executado;;CTE Emitido pelo Transportador;"1. Recebe Nota Fiscal de Mercadoria do Fornecedor
2. Transportador Emite CTE, informando o número dad NFs a serem Transportadas";Logística e Transporte;OTM:Transportation;Willian Alves;;
RenatoMezzalira;COM_EDIT_DOWNLOAD;PLUMA_AGRO.PTM.2263.V1;"page.locator(""iframe[title=""Cenário e Execuções""]"").content_frame.get_by_text(""PLUMA_AGRO.PTM.2263.V1"").click()";GRF.07.50065 - FABRICA DE RACAO - COMPRA DE MATÉRIA-PRIMA;1;tr_child_298;180;OTM - Evento Inicio de Viagem;Não Executado;;Viagem em Rota;"Gerenciamento de Remessa > Remessa de Compra > Seleciona Remessa > Ações  > Gerenciamento de Remessa > Eventos > Adicionar Eventos para o Local > Evento Rápido > Selecionar > Inicio de Viagem > Selecionar o Local da Coleta > Informar Data e Hora do Evento > Clicar em ""Salvar""";Logística e Transporte;OTM:Transportation;Willian Alves;;
RenatoMezzalira;COM_EDIT_DOWNLOAD;PLUMA_AGRO.PTM.2263.V1;"page.locator(""iframe[title=""Cenário e Execuções""]"").content_frame.get_by_text(""PLUMA_AGRO.PTM.2263.V1"").click()";GRF.07.50065 - FABRICA DE RACAO - COMPRA DE MATÉRIA-PRIMA;1;tr_child_298;190;Upload do XML para ferramenta TaxfyLink;Não Executado;;Arquivo Carregado;Capturar os documentos que tem a origem na SEFAZ onde o TAXFYLINK realizará a busca do lote (NSU) de documentos e eventos disponíveis na base da SEFAZ para download. Para nota fiscal de mercadoria, a ferramenta processa apenas os XMLs dos modelos 55 das notas fiscais, que ao entrarem na ferramenta será estruturado e direcionados para o TAXFY;Fiscal;KT: Taxfy;Renato Mezzalira;;
RenatoMezzalira;COM_EDIT_DOWNLOAD;PLUMA_AGRO.PTM.2263.V1;"page.locator(""iframe[title=""Cenário e Execuções""]"").content_frame.get_by_text(""PLUMA_AGRO.PTM.2263.V1"").click()";GRF.07.50065 - FABRICA DE RACAO - COMPRA DE MATÉRIA-PRIMA;1;tr_child_298;200;Monitor de Pedidos > Realiza Match Pedido de Compra;Não Executado;;Com base no XPED, será realizado a associação do pedido para seguir para as demais validações;"Processo onde é realizado o Match do pedido de compras X a nota fiscal recebida, processo automatico.
* Se o Documento não encontrar um Pedido correspondente, o Analista pode selecionar manualmente os pedidos de compras com Saldo em Aberto.";Fiscal;KT: Taxfy;Renato Mezzalira;;
RenatoMezzalira;COM_EDIT_DOWNLOAD;PLUMA_AGRO.PTM.2263.V1;"page.locator(""iframe[title=""Cenário e Execuções""]"").content_frame.get_by_text(""PLUMA_AGRO.PTM.2263.V1"").click()";GRF.07.50065 - FABRICA DE RACAO - COMPRA DE MATÉRIA-PRIMA;1;tr_child_298;210;Validação Comercial do Documento;Não Executado;;Validação concluida e Arquivo XML Carregado no Oracle.;Confrontar os dados da NFE x Pedido de Compras, será validado o CNPJ do Emissor, CNPJ do Destinatário, Pedido de Compras, Item do Pedido, Unidade de Medida, Moeda, Quantidade e Valor.;Fiscal;KT: Taxfy;Renato Mezzalira;;
RenatoMezzalira;COM_EDIT_DOWNLOAD;PLUMA_AGRO.PTM.2263.V1;"page.locator(""iframe[title=""Cenário e Execuções""]"").content_frame.get_by_text(""PLUMA_AGRO.PTM.2263.V1"").click()";GRF.07.50065 - FABRICA DE RACAO - COMPRA DE MATÉRIA-PRIMA;1;tr_child_298;220;Retorno Validação Tributária;Não Executado;;Validação tributária do documento Fiscal Concluida;"o TAXFY irá consultar o retorno da validação tributária realizada no TAXFYLINK.
STATUS:
“ Sucesso” quando não houver problema na verificação
“Alerta” quando existir algum item onde poderia ser processado com alguma tributação diferente, de acordo com CFOP do produto
“ Erro” onde status do documento ficará com inconsistência no menu do monitor de documento, aguardando ação do analista, ou de operação não realizada por conta de erros na tributação.";Fiscal;KT: Taxfy;Renato Mezzalira;;
RenatoMezzalira;COM_EDIT_DOWNLOAD;PLUMA_AGRO.PTM.2263.V1;"page.locator(""iframe[title=""Cenário e Execuções""]"").content_frame.get_by_text(""PLUMA_AGRO.PTM.2263.V1"").click()";GRF.07.50065 - FABRICA DE RACAO - COMPRA DE MATÉRIA-PRIMA;1;tr_child_298;230;Carregar XML para o UCM;Não Executado;;Validação concluida e Arquivo XML Carregado no Oracle.;Após Validação, TAXFY realizará o envio dos XMLs para o OIC, para que seja disponibilizado no Oracle Fusion;Fiscal;KT: Taxfy;Renato Mezzalira;;
RenatoMezzalira;COM_EDIT_DOWNLOAD;PLUMA_AGRO.PTM.2263.V1;"page.locator(""iframe[title=""Cenário e Execuções""]"").content_frame.get_by_text(""PLUMA_AGRO.PTM.2263.V1"").click()";GRF.07.50065 - FABRICA DE RACAO - COMPRA DE MATÉRIA-PRIMA;1;tr_child_298;240;Manifesto da Operação;Não Executado;;Confirmação da operação ou a operação não realizada;Após o processamento do documento pelo ORACLE FUSION haverá um call-back para a realização da manifestação eletrônica, podendo ser a confirmação da operação ou a operação não realizada. Este call-back será enviado ao TAXFYLINK para que ele possa realizar a comunicação a SEFAZ.;Fiscal;KT: Taxfy;Renato Mezzalira;;
RenatoMezzalira;COM_EDIT_DOWNLOAD;PLUMA_AGRO.PTM.2263.V1;"page.locator(""iframe[title=""Cenário e Execuções""]"").content_frame.get_by_text(""PLUMA_AGRO.PTM.2263.V1"").click()";GRF.07.50065 - FABRICA DE RACAO - COMPRA DE MATÉRIA-PRIMA;1;tr_child_298;250;Executar Processo de Importação do XML para Interface;Não Executado;;Arquivo processado para interface com sucesso;Ferramentas> Processos Programados > Programar novo processo > Importar Documentos Eletrônicos do Brasil;Fiscal;Fusion: FDC;Renato Mezzalira;;
RenatoMezzalira;COM_EDIT_DOWNLOAD;PLUMA_AGRO.PTM.2263.V1;"page.locator(""iframe[title=""Cenário e Execuções""]"").content_frame.get_by_text(""PLUMA_AGRO.PTM.2263.V1"").click()";GRF.07.50065 - FABRICA DE RACAO - COMPRA DE MATÉRIA-PRIMA;1;tr_child_298;260;Executar Processo de Importacao do XML para tabelas definitivas do FDC;Não Executado;;Documento importado com sucesso;Ferramentas > Processos Programados> Importação e Validação de Documentos Fiscais Eletrônicos;Fiscal;Fusion: FDC;Renato Mezzalira;;
RenatoMezzalira;COM_EDIT_DOWNLOAD;PLUMA_AGRO.PTM.2263.V1;"page.locator(""iframe[title=""Cenário e Execuções""]"").content_frame.get_by_text(""PLUMA_AGRO.PTM.2263.V1"").click()";GRF.07.50065 - FABRICA DE RACAO - COMPRA DE MATÉRIA-PRIMA;1;tr_child_298;270;Gerenciar Documento na Interface do FDC;Não Executado;;Documento ajustado para reprocessamento;"Execução da Cadeia de Suprimentos > Captura do Documento Fiscal> Tarefas > Gerenciar Exceções da Interface > Selecionar Documento> Detalhes do Cabeçalho do Documento Fiscal > Revisar os dados do cabeçalho
Linhas do Documento Fiscal > Revisar dados das linhas
         Tipo de Documento 
         Tipo de Linha 
         UN do Documento de Origem
         Item
         Descrição
         UDM
         Quantidade
         Valor
         Numero
         Linha
         Salvar e Fechar > Concluído
Status do documento devera ser alterado para Modificado""";Fiscal;Fusion: FDC;Renato Mezzalira;;
RenatoMezzalira;COM_EDIT_DOWNLOAD;PLUMA_AGRO.PTM.2263.V1;"page.locator(""iframe[title=""Cenário e Execuções""]"").content_frame.get_by_text(""PLUMA_AGRO.PTM.2263.V1"").click()";GRF.07.50065 - FABRICA DE RACAO - COMPRA DE MATÉRIA-PRIMA;1;tr_child_298;280;Executar Job de Importacao do XML para tabelas definitivas do FDC;Não Executado;;Documento importado com sucesso;Ferramentas > Processos Programados> Importação e Validação de Documentos Fiscais Eletrônicos;Fiscal;Fusion: FDC;Renato Mezzalira;;
RenatoMezzalira;COM_EDIT_DOWNLOAD;PLUMA_AGRO.PTM.2263.V1;"page.locator(""iframe[title=""Cenário e Execuções""]"").content_frame.get_by_text(""PLUMA_AGRO.PTM.2263.V1"").click()";GRF.07.50065 - FABRICA DE RACAO - COMPRA DE MATÉRIA-PRIMA;1;tr_child_298;290;Acessar Modulo do FDC;Não Executado;;Modulo acessado;Execução da Cadeia de Suprimentos > Captura do Documento Fiscal >  Tarefas > Gerenciar Documentos Fiscais de Entrada;Fiscal;Fusion: FDC;Renato Mezzalira;;
RenatoMezzalira;COM_EDIT_DOWNLOAD;PLUMA_AGRO.PTM.2263.V1;"page.locator(""iframe[title=""Cenário e Execuções""]"").content_frame.get_by_text(""PLUMA_AGRO.PTM.2263.V1"").click()";GRF.07.50065 - FABRICA DE RACAO - COMPRA DE MATÉRIA-PRIMA;1;tr_child_298;300;Gerenciar Documento no Modulo do FDC;Não Executado;;Documento encontrado;Execução da Cadeia de Suprimentos > Captura do Documento Fiscal >  Tarefas > Gerenciar Documentos Fiscais de Entrada > Selecionar Documento;Fiscal;Fusion: FDC;Renato Mezzalira;;
RenatoMezzalira;COM_EDIT_DOWNLOAD;PLUMA_AGRO.PTM.2263.V1;"page.locator(""iframe[title=""Cenário e Execuções""]"").content_frame.get_by_text(""PLUMA_AGRO.PTM.2263.V1"").click()";GRF.07.50065 - FABRICA DE RACAO - COMPRA DE MATÉRIA-PRIMA;1;tr_child_298;310;Validar informacoes do Documento Fiscal realizando o Recebimento Fiscal;Não Executado;;Dados obrigatórios validados (RPA (Robotic Process Automation) Fluxo CT-e;"Conferir informacoes de entrada e fiscais > Validar documentos Fiscais
Revisar informacoes do cabecalho    
     Data confirmada - Data de entrada do documento                                                                      
Revisar informacoes das linhas
    CFOP de entrada
    Intenção de Uso
    Classificação Fiscal definida pelo Usúario
    NCM (Classificação Fiscal do Produto)
    Origem da Mercadoria (Classificação do Imposto)        
    Aba de Programacoes (Ordem de Compra) 
Conferir Encargos (Fretes, Descontos, seguros, Despesas Acessórias)    
Na aba Impostos e possível visualizar os impostos destacados na NF
Ações > Validar Documento Fiscal 
Retenções e Erros de Validação > Selecionar Retenção > Liberar Retenção > Selecionar Motivo > OK ";Fiscal;Fusion: FDC;Renato Mezzalira;;
RenatoMezzalira;COM_EDIT_DOWNLOAD;PLUMA_AGRO.PTM.2263.V1;"page.locator(""iframe[title=""Cenário e Execuções""]"").content_frame.get_by_text(""PLUMA_AGRO.PTM.2263.V1"").click()";GRF.07.50065 - FABRICA DE RACAO - COMPRA DE MATÉRIA-PRIMA;1;tr_child_298;320;Buscar XML e dados referente ao documento na Oracle;Não Executado;;Validar recebeimento do documento;Integração para validação da disponibilidade do documento via chave de acesso;Balança;Agrosys;Jocimar Koch;;
RenatoMezzalira;COM_EDIT_DOWNLOAD;PLUMA_AGRO.PTM.2263.V1;"page.locator(""iframe[title=""Cenário e Execuções""]"").content_frame.get_by_text(""PLUMA_AGRO.PTM.2263.V1"").click()";GRF.07.50065 - FABRICA DE RACAO - COMPRA DE MATÉRIA-PRIMA;1;tr_child_298;330;Validar Ordem de Compra;Não Executado;;Conferir orde de compra, contrato, fornecedor, documento, quantidades;Validação dos dados necessários para recebimento;Balança;Agrosys;Jocimar Koch;;
RenatoMezzalira;COM_EDIT_DOWNLOAD;PLUMA_AGRO.PTM.2263.V1;"page.locator(""iframe[title=""Cenário e Execuções""]"").content_frame.get_by_text(""PLUMA_AGRO.PTM.2263.V1"").click()";GRF.07.50065 - FABRICA DE RACAO - COMPRA DE MATÉRIA-PRIMA;1;tr_child_298;340;Validar notas pré-processadas já liberadas para recebimento;Não Executado;;Conferir orde de compra, contrato, fornecedor, documento, quantidades;Buscar no ERP Oracle a documentação referente a carga  e armazena os dados do documento fiscal já processado;Balança;Agrosys;Jocimar Koch;;
RenatoMezzalira;COM_EDIT_DOWNLOAD;PLUMA_AGRO.PTM.2263.V1;"page.locator(""iframe[title=""Cenário e Execuções""]"").content_frame.get_by_text(""PLUMA_AGRO.PTM.2263.V1"").click()";GRF.07.50065 - FABRICA DE RACAO - COMPRA DE MATÉRIA-PRIMA;1;tr_child_298;350;Registrar Ordem de Descarga;Não Executado;;Conferencia fisica do recebimento;Emissão do PDF da ordem de descarga para conferencia das quantidades constantes na nota fiscal;Balança;Agrosys;Jocimar Koch;;
RenatoMezzalira;COM_EDIT_DOWNLOAD;PLUMA_AGRO.PTM.2263.V1;"page.locator(""iframe[title=""Cenário e Execuções""]"").content_frame.get_by_text(""PLUMA_AGRO.PTM.2263.V1"").click()";GRF.07.50065 - FABRICA DE RACAO - COMPRA DE MATÉRIA-PRIMA;1;tr_child_298;360;Concluir Ordem de Descarga;Não Executado;;Conferencia fisica do recebimento;	Após a conclusão do agendamento, o sistema Agrosys gera em PDF uma Ordem de descarga para impressão, acompanhamento e conferência das quantidades constante na nota fiscal. (volume/peso).;Balança;Agrosys;Jocimar Koch;;
RenatoMezzalira;COM_EDIT_DOWNLOAD;PLUMA_AGRO.PTM.2263.V1;"page.locator(""iframe[title=""Cenário e Execuções""]"").content_frame.get_by_text(""PLUMA_AGRO.PTM.2263.V1"").click()";GRF.07.50065 - FABRICA DE RACAO - COMPRA DE MATÉRIA-PRIMA;1;tr_child_298;370;Abir captura de Pesagem (Entrada) AUTOMÁTICA para Descarga;Não Executado;;"Caputar peso inicial (Bruto) para recebimento
";Registro de abertura de pesagem Bruta do veículo na Balança;Balança;Agrosys;Jocimar Koch;;
RenatoMezzalira;COM_EDIT_DOWNLOAD;PLUMA_AGRO.PTM.2263.V1;"page.locator(""iframe[title=""Cenário e Execuções""]"").content_frame.get_by_text(""PLUMA_AGRO.PTM.2263.V1"").click()";GRF.07.50065 - FABRICA DE RACAO - COMPRA DE MATÉRIA-PRIMA;1;tr_child_298;380;Coletar amostras para análise;Não Executado;;Analise de Qualidade;A Qualidade coleta a amostra da matéria prima, executa a análise e informa os resultados complementares na Agenda de Descarga.;Balança;Agrosys;Jocimar Koch;;
RenatoMezzalira;COM_EDIT_DOWNLOAD;PLUMA_AGRO.PTM.2263.V1;"page.locator(""iframe[title=""Cenário e Execuções""]"").content_frame.get_by_text(""PLUMA_AGRO.PTM.2263.V1"").click()";GRF.07.50065 - FABRICA DE RACAO - COMPRA DE MATÉRIA-PRIMA;1;tr_child_298;390;Autorizar Descarga;Não Executado;;Descarregar Veículo;Liberar descarregamento da carga;Balança;Agrosys;Jocimar Koch;;
RenatoMezzalira;COM_EDIT_DOWNLOAD;PLUMA_AGRO.PTM.2263.V1;"page.locator(""iframe[title=""Cenário e Execuções""]"").content_frame.get_by_text(""PLUMA_AGRO.PTM.2263.V1"").click()";GRF.07.50065 - FABRICA DE RACAO - COMPRA DE MATÉRIA-PRIMA;1;tr_child_298;400;Efetuar Recebimento Físico;Não Executado;;Item Recebido Fisicamente;Realizar entrada do Material no Estoque referente ao recebimento;Gestão de Estoques;Fusion: INV;Rafael Brandão;;
RenatoMezzalira;COM_EDIT_DOWNLOAD;PLUMA_AGRO.PTM.2263.V1;"page.locator(""iframe[title=""Cenário e Execuções""]"").content_frame.get_by_text(""PLUMA_AGRO.PTM.2263.V1"").click()";GRF.07.50065 - FABRICA DE RACAO - COMPRA DE MATÉRIA-PRIMA;1;tr_child_298;410;Movimentar Entrada no estoque;Não Executado;;Receber produtos;Atualizar estoque e disponibilidade para uso;Balança;Agrosys;Jocimar Koch;;
RenatoMezzalira;COM_EDIT_DOWNLOAD;PLUMA_AGRO.PTM.2263.V1;"page.locator(""iframe[title=""Cenário e Execuções""]"").content_frame.get_by_text(""PLUMA_AGRO.PTM.2263.V1"").click()";GRF.07.50065 - FABRICA DE RACAO - COMPRA DE MATÉRIA-PRIMA;1;tr_child_298;420;Fechar pesagem (Saída) AUTOMÁTICA da descarga;Não Executado;;Disponibilizar estoque;Encerrar pesagem após descarregamento do veículo;Balança;Agrosys;Jocimar Koch;;
RenatoMezzalira;COM_EDIT_DOWNLOAD;PLUMA_AGRO.PTM.2263.V1;"page.locator(""iframe[title=""Cenário e Execuções""]"").content_frame.get_by_text(""PLUMA_AGRO.PTM.2263.V1"").click()";GRF.07.50065 - FABRICA DE RACAO - COMPRA DE MATÉRIA-PRIMA;1;tr_child_298;430;Capturar Documento no modulo do FDC;Não Executado;;Documento Capturado;Execução da Cadeia de Suprimentos > Captura do Documento Fiscal >  Tarefas > Gerenciar Documentos Fiscais de Entrada > Selecionar Documento > Conferir informações de entrada e fiscais > Validar Documento Fiscal;Fiscal;Fusion: FDC;Renato Mezzalira;;
RenatoMezzalira;COM_EDIT_DOWNLOAD;PLUMA_AGRO.PTM.2263.V1;"page.locator(""iframe[title=""Cenário e Execuções""]"").content_frame.get_by_text(""PLUMA_AGRO.PTM.2263.V1"").click()";GRF.07.50065 - FABRICA DE RACAO - COMPRA DE MATÉRIA-PRIMA;1;tr_child_298;440;Confirmar Entregas do Itens;Não Executado;;Confirmação do Recebimento dos Itens;Execução da Cadeia de Suprimentos > Captura do Documento Fiscal >  Tarefas > Confirmar Entrega do Item > Selecionar Documento > Registrar Entregas automaticas > Validar Entregas;Fiscal;Fusion: FDC;Renato Mezzalira;;
RenatoMezzalira;COM_EDIT_DOWNLOAD;PLUMA_AGRO.PTM.2263.V1;"page.locator(""iframe[title=""Cenário e Execuções""]"").content_frame.get_by_text(""PLUMA_AGRO.PTM.2263.V1"").click()";GRF.07.50065 - FABRICA DE RACAO - COMPRA DE MATÉRIA-PRIMA;1;tr_child_298;450;Disponibilidade de estoque;Não Executado;;Disponibilizar estoque;Itens Disponíveis em estoque;Gestão de Estoques;Fusion: INV;Rafael Brandão;;
RenatoMezzalira;COM_EDIT_DOWNLOAD;PLUMA_AGRO.PTM.2263.V1;"page.locator(""iframe[title=""Cenário e Execuções""]"").content_frame.get_by_text(""PLUMA_AGRO.PTM.2263.V1"").click()";GRF.07.50065 - FABRICA DE RACAO - COMPRA DE MATÉRIA-PRIMA;1;tr_child_298;460;OTM - Evento de P.O.D  (Proof of Delivery);Não Executado;;Material Entregue;"Gerenciamento de Remessa > Remessa de Compra > Seleciona Remessa > Ações  > Gerenciamento de Remessa > Eventos > Adicionar Eventos para o Local > Evento Rápido > Selecionar > POD > Selecionar o Local da Entrega > Informar Data e Hora do Evento > Clicar em ""Salvar"" ";Logística e Transporte;OTM:Transportation;Willian Alves;;
RenatoMezzalira;COM_EDIT_DOWNLOAD;PLUMA_AGRO.PTM.2263.V1;"page.locator(""iframe[title=""Cenário e Execuções""]"").content_frame.get_by_text(""PLUMA_AGRO.PTM.2263.V1"").click()";GRF.07.50065 - FABRICA DE RACAO - COMPRA DE MATÉRIA-PRIMA;1;tr_child_298;470;OTM - Evento Fim de Viagem;Não Executado;;Viagem Finalizada;"Gerenciamento de Remessa > Remessa de Compra > Seleciona Remessa > Ações  > Gerenciamento de Remessa > Eventos > Adicionar Eventos para o Local > Evento Rápido > Selecionar > Fim de Viagem > Selecionar o Local da Entrega > Informar Data e Hora do Evento > Clicar em ""Salvar""";Logística e Transporte;OTM:Transportation;Willian Alves;;
RenatoMezzalira;COM_EDIT_DOWNLOAD;PLUMA_AGRO.PTM.2263.V1;"page.locator(""iframe[title=""Cenário e Execuções""]"").content_frame.get_by_text(""PLUMA_AGRO.PTM.2263.V1"").click()";GRF.07.50065 - FABRICA DE RACAO - COMPRA DE MATÉRIA-PRIMA;1;tr_child_298;480;Conferir Nota Fiscal no Contas a Pagar;Não Executado;;"Titulo encontrado
Titulo validado
Dados obrigatórios informados";"Pesquisar Titulo / Validar Dados / Validar Informações Adicionais
Navegador > Contas a  pagar > NFF >
 Tarefas > Gerenciar NFF > Informar parâmetros de pesquisa
Validar Dados no Cabeçalho e Linha
 Mostrar Mais> Informações Adicionais> Preencher valor de Contexto de Acordo com o Documento";Controladoria;Fusion: AP;Renato Mezzalira;;
RenatoMezzalira;COM_EDIT_DOWNLOAD;PLUMA_AGRO.PTM.2263.V1;"page.locator(""iframe[title=""Cenário e Execuções""]"").content_frame.get_by_text(""PLUMA_AGRO.PTM.2263.V1"").click()";GRF.07.50065 - FABRICA DE RACAO - COMPRA DE MATÉRIA-PRIMA;1;tr_child_298;490;Realizar a validacao da NF no Contas a Pagar;Não Executado;;Titulo validado;"Manual: Contas a Pagar > Tarefas > NFFs > Acoes > Validar
Programado: Ferramentas > Processos Programados > Validar NFFs de Contas a Pagar";Controladoria;Fusion: AP;Renato Mezzalira;;
RenatoMezzalira;COM_EDIT_DOWNLOAD;PLUMA_AGRO.PTM.2263.V1;"page.locator(""iframe[title=""Cenário e Execuções""]"").content_frame.get_by_text(""PLUMA_AGRO.PTM.2263.V1"").click()";GRF.07.50065 - FABRICA DE RACAO - COMPRA DE MATÉRIA-PRIMA;1;tr_child_298;500;Validar Contabilização: Selecionar Tarefa Contabilidade do Sub-razao;Não Executado;;Tarefa acessada;Navegador > Contabilidade Geral > Lancamentos > Menu Tarefa > Contabilidade do Sub-razao > Verificar Lancamentos do Sub-Razao > Informar os parametros necessarios e obrigatorios;Controladoria;Fusion: GL;Walceir Hernandes;;
RenatoMezzalira;COM_EDIT_DOWNLOAD;PLUMA_AGRO.PTM.2263.V1;"page.locator(""iframe[title=""Cenário e Execuções""]"").content_frame.get_by_text(""PLUMA_AGRO.PTM.2263.V1"").click()";GRF.07.50065 - FABRICA DE RACAO - COMPRA DE MATÉRIA-PRIMA;1;tr_child_298;510;Validar Contabilização: Verificar Lancamentos do Sub-Razao;Não Executado;;Tarefa acessada;Verificar Lancamentos do Sub-Razao;Controladoria;Fusion: GL;Walceir Hernandes;;
RenatoMezzalira;COM_EDIT_DOWNLOAD;PLUMA_AGRO.PTM.2263.V1;"page.locator(""iframe[title=""Cenário e Execuções""]"").content_frame.get_by_text(""PLUMA_AGRO.PTM.2263.V1"").click()";GRF.07.50065 - FABRICA DE RACAO - COMPRA DE MATÉRIA-PRIMA;1;tr_child_298;520;Validar Contabilização: Informar os parametros necessarios e obrigatorios;Não Executado;;Dados obrigatorios informados;Informar os parametros necessarios e obrigatorios;Controladoria;Fusion: GL;Walceir Hernandes;;
RenatoMezzalira;COM_EDIT_DOWNLOAD;PLUMA_AGRO.PTM.2263.V1;"page.locator(""iframe[title=""Cenário e Execuções""]"").content_frame.get_by_text(""PLUMA_AGRO.PTM.2263.V1"").click()";GRF.07.50065 - FABRICA DE RACAO - COMPRA DE MATÉRIA-PRIMA;1;tr_child_298;530;Validar Contabilização: Pesquisar lancamentos;Não Executado;;Lancamento encontrado;Pesquisar lancamentos;Controladoria;Fusion: AP;Walceir Hernandes;;
RenatoMezzalira;COM_EDIT_DOWNLOAD;PLUMA_AGRO.PTM.2263.V1;"page.locator(""iframe[title=""Cenário e Execuções""]"").content_frame.get_by_text(""PLUMA_AGRO.PTM.2263.V1"").click()";GRF.07.50065 - FABRICA DE RACAO - COMPRA DE MATÉRIA-PRIMA;1;tr_child_298;540;Validar Contabilizacao;Não Executado;;Contabilizacao validada;Validar Contabilizacao;Controladoria;Fusion: AP;Walceir Hernandes;;
RenatoMezzalira;COM_EDIT_DOWNLOAD;PLUMA_AGRO.PTM.2263.V1;"page.locator(""iframe[title=""Cenário e Execuções""]"").content_frame.get_by_text(""PLUMA_AGRO.PTM.2263.V1"").click()";GRF.07.50065 - FABRICA DE RACAO - COMPRA DE MATÉRIA-PRIMA;1;tr_child_298;550;Executar o Relatorio dos Titulos a Pagar em Aberto (GAP CPR#04);Não Executado;;Acesso ao Relatorio de Titulos a Pagar;Ferramentas > Processos Programados > Programar Novo Processo > Preencha o nome do relatorio >  Preencha os parâmetros e clique em Submeter;Financeiro;Fusion: AP;Roberta Bezerra;;
RenatoMezzalira;COM_EDIT_DOWNLOAD;PLUMA_AGRO.PTM.2263.V1;"page.locator(""iframe[title=""Cenário e Execuções""]"").content_frame.get_by_text(""PLUMA_AGRO.PTM.2263.V1"").click()";GRF.07.50065 - FABRICA DE RACAO - COMPRA DE MATÉRIA-PRIMA;1;tr_child_298;560;Realizar Analise dos Titulos para Pagamento (GAP CPR#04);Não Executado;;Analise e se necessário Manutenção do Titulo;Analisar os titulos para pagamento e se necessário solicitar as manutenções para o Time de Controladoria;Financeiro;Fusion: AP;Roberta Bezerra;;
RenatoMezzalira;COM_EDIT_DOWNLOAD;PLUMA_AGRO.PTM.2263.V1;"page.locator(""iframe[title=""Cenário e Execuções""]"").content_frame.get_by_text(""PLUMA_AGRO.PTM.2263.V1"").click()";GRF.07.50065 - FABRICA DE RACAO - COMPRA DE MATÉRIA-PRIMA;1;tr_child_298;570;OIC - Movimentação do Arquivo Remessa para pasta da VAN FINNET;Não Executado;;Arquivo de remesssa disponivel para FINNET;Através do OIC o arquivo de remessa de pagamentos deverá estar disponivel para FINNET;Financeiro;Fusion: AP;Roberta Bezerra;;
RenatoMezzalira;COM_EDIT_DOWNLOAD;PLUMA_AGRO.PTM.2263.V1;"page.locator(""iframe[title=""Cenário e Execuções""]"").content_frame.get_by_text(""PLUMA_AGRO.PTM.2263.V1"").click()";GRF.07.50065 - FABRICA DE RACAO - COMPRA DE MATÉRIA-PRIMA;1;tr_child_298;580;FINNET - Arquivo de Remessa de Pagamentos disponivel para aprovação e envio a Instituição Bancária;Não Executado;;Arquivo de remesssa de pamento aprovado e enviado ao Banco;O arquivo de remessa de pagamentos deverá estar disponivel para FINNET para aprovação e envio ao Banco;Financeiro;Fusion: AP;Roberta Bezerra;;
RenatoMezzalira;COM_EDIT_DOWNLOAD;PLUMA_AGRO.PTM.2263.V1;"page.locator(""iframe[title=""Cenário e Execuções""]"").content_frame.get_by_text(""PLUMA_AGRO.PTM.2263.V1"").click()";GRF.07.50065 - FABRICA DE RACAO - COMPRA DE MATÉRIA-PRIMA;1;tr_child_298;590;Validar Contabilização: Selecionar Tarefa Contabilidade do Sub-razao;Não Executado;;Contabilização e Análise Contábil realizada.;Navegador > Contabilidade Geral > Lancamentos > Menu Tarefa > Contabilidade do Sub-razao > Verificar Lancamentos do Sub-Razao > Informar os parametros necessarios e obrigatorios;Controladoria;Fusion: AP;Walceir Hernandes;;
RenatoMezzalira;COM_EDIT_DOWNLOAD;PLUMA_AGRO.PTM.2263.V1;"page.locator(""iframe[title=""Cenário e Execuções""]"").content_frame.get_by_text(""PLUMA_AGRO.PTM.2263.V1"").click()";GRF.07.50065 - FABRICA DE RACAO - COMPRA DE MATÉRIA-PRIMA;1;tr_child_298;600;Validar Contabilização: Verificar Lancamentos do Sub-Razao;Não Executado;;Contabilização e Análise Contábil realizada.;Verificar Lancamentos do Sub-Razao;Controladoria;Fusion: AP;Walceir Hernandes;;
RenatoMezzalira;COM_EDIT_DOWNLOAD;PLUMA_AGRO.PTM.2263.V1;"page.locator(""iframe[title=""Cenário e Execuções""]"").content_frame.get_by_text(""PLUMA_AGRO.PTM.2263.V1"").click()";GRF.07.50065 - FABRICA DE RACAO - COMPRA DE MATÉRIA-PRIMA;1;tr_child_298;610;Validar Contabilização: Informar os parametros necessarios e obrigatorios;Não Executado;;Contabilização e Análise Contábil realizada.;Informar os parametros necessarios e obrigatorios;Controladoria;Fusion: AP;Walceir Hernandes;;
RenatoMezzalira;COM_EDIT_DOWNLOAD;PLUMA_AGRO.PTM.2263.V1;"page.locator(""iframe[title=""Cenário e Execuções""]"").content_frame.get_by_text(""PLUMA_AGRO.PTM.2263.V1"").click()";GRF.07.50065 - FABRICA DE RACAO - COMPRA DE MATÉRIA-PRIMA;1;tr_child_298;620;Validar Contabilização: Pesquisar lancamentos;Não Executado;;Contabilização e Análise Contábil realizada.;Pesquisar lancamentos;Controladoria;Fusion: AP;Walceir Hernandes;;
RenatoMezzalira;COM_EDIT_DOWNLOAD;PLUMA_AGRO.PTM.2263.V1;"page.locator(""iframe[title=""Cenário e Execuções""]"").content_frame.get_by_text(""PLUMA_AGRO.PTM.2263.V1"").click()";GRF.07.50065 - FABRICA DE RACAO - COMPRA DE MATÉRIA-PRIMA;1;tr_child_298;630;Validar Contabilizacao;Não Executado;;Contabilização e Análise Contábil realizada.;Validar Contabilizacao;Controladoria;Fusion: AP;Walceir Hernandes;;
RenatoMezzalira;COM_EDIT_DOWNLOAD;PLUMA_AGRO.PTM.2263.V1;"page.locator(""iframe[title=""Cenário e Execuções""]"").content_frame.get_by_text(""PLUMA_AGRO.PTM.2263.V1"").click()";GRF.07.50065 - FABRICA DE RACAO - COMPRA DE MATÉRIA-PRIMA;1;tr_child_298;640;"Contabilizar a NF e Pagamentos ""FINAL""";Não Executado;;Contabilização e Análise Contábil realizada.;1) Manual: Contas a Pagar > Tarefas > NFFs/Pagamentos > Acoes > Contabilizar como Final  2) Programado: Ferramentas > Processos Programados > Criar Contabilidade > Parametros:   Aplicativo do Sub-Razão: Contas a Pagar  Razão: (Informar o Razão da Empresa)  Data Final: (Sysdate)  Modo de Contabilidade: Final  Eventos do Processo: Todos  Estilo do Relatório: Detalhes  Transferir para Razão Geral: Sim  Contabilizar no Razão Geral: Não  *Incluir Identificadores de Transação do Usuário: Não;Controladoria;Fusion: AP;Walceir Hernandes;;
RenatoMezzalira;COM_EDIT_DOWNLOAD;PLUMA_AGRO.PTM.2263.V1;"page.locator(""iframe[title=""Cenário e Execuções""]"").content_frame.get_by_text(""PLUMA_AGRO.PTM.2263.V1"").click()";GRF.07.50065 - FABRICA DE RACAO - COMPRA DE MATÉRIA-PRIMA;1;tr_child_298;650;Escrituração fiscal do Documento;Não Executado;;Conferencias Fiscais e Obrigações Acessórias;Escrituração fiscal do Documento para Obrigações Acessórias;Fiscal;THON:TaxOne;Deise Cristiane da Rosa;;
